CODIGO,DEPARTAMENTO,ELEVACION,LONGITUD,LATITUD,ENE,FEB,MAR,ABR,MAY,JUN,JUL,AGO,SEP,OCT,NOV,DIC
26180160,Antioquia,2450,-75.43041667,5.78597222,86.0,60.0,133.0,162.0,146.0,64.0,125.0,59.0,71.0,235.0,164.0,26.0
11110020,Antioquia,1920,-76.075,6.6425,87.0,79.0,155.0,191.0,386.0,49.0,129.9,88.0,149.0,203.20000000000002,226.29999999999998,11.5
27010850,Antioquia,1530,-75.07722222,6.90555556,76.0,59.0,201.0,190.0,291.0,89.0,260.0,125.0,119.0,228.0,259.0,68.0
27010960,Antioquia,1100,-74.90213889,6.89861111,28.0,27.0,211.0,510.0,659.0,815.0,987.0,151.0,304.0,575.0,79.0,14.0
26195020,Antioquia,1180,-75.88022222,5.691,86.8,49.1,117.4,224.6,266.99999999999994,91.9,236.7,87.5,110.2,178.40000000000003,157.9,48.2
26190100,Antioquia,1250,-75.90008333,5.56397222,79.4,121.3,128.50000000000003,225.39999999999998,357.4,47.7,141.40000000000003,126.6,53.8,196.60000000000002,109.3,30.2
27020210,Antioquia,1650,-75.33247222,6.88305556,71.0,39.0,60.0,259.0,477.0,234.0,373.0,286.0,106.0,189.0,246.0,40.0
26210090,Antioquia,550,-75.85925,6.30313889,52.0,32.0,73.0,158.0,304.0,70.0,114.0,62.0,67.0,137.0,122.0,5.0
12010070,Antioquia,18,-76.64777778,7.88444444,22.799999999999997,34.8,67.6,187.6,329.8,141.79999999999998,227.79999999999998,211.5,293.4,217.90000000000003,184.60000000000002,118.2
12010060,Antioquia,10,-76.68916667,7.86305556,82.9,12.8,39.800000000000004,151.29999999999998,262.2,163.5,182.29999999999998,427.90000000000003,174.5,211.8,223.8,187.4
27010800,Antioquia,2600,-75.60722222,6.39972222,85.0,70.0,116.0,192.0,175.0,63.0,167.0,148.0,64.0,162.0,170.0,12.0
27015090,Antioquia,1453,-75.55325,6.31969444,40.7,78.7,93.0,134.9,187.70000000000002,47.4,138.3,79.8,46.2,121.10000000000001,80.7,4.3
27010870,Antioquia,2540,-75.66833333,6.60916667,100.69999999999999,73.4,145.10000000000002,227.70000000000002,167.79999999999998,52.0,172.6,130.1,89.6,154.0,251.4,37.8
26190090,Antioquia,1600,-75.97552778,5.755,60.0,48.0,177.0,292.0,328.0,98.0,299.0,140.0,119.0,270.0,280.0,109.0
26210140,Antioquia,232,-75.9455,6.21852778,13.0,32.0,155.0,151.0,428.0,35.0,111.0,59.0,12.0,,114.0,37.0
26250030,Antioquia,95,-75.34783333,7.57905556,13.0,28.0,94.0,186.0,295.0,363.0,472.0,349.0,330.0,443.0,394.0,147.0
26240100,Antioquia,70,-75.21491667,7.86291667,14.0,15.0,38.0,296.0,321.0,221.0,241.0,431.0,184.0,291.0,157.0,8.0
26240060,Antioquia,75,-75.415,7.83666667,12.0,57.800000000000004,198.5,291.6,156.7,232.1,351.5,353.5,135.0,301.2,186.8,22.3
26210070,Antioquia,550,-75.98127778,6.40597222,0.0,0.0,5.0,32.0,76.0,43.0,34.0,14.0,13.0,67.0,114.0,3.0
12010090,Antioquia,4,-76.71188889,7.74766667,76.2,2.0,1.2,163.99999999999997,92.8,341.4,311.6,322.20000000000005,199.3,236.70000000000002,181.8,138.3
26240160,Antioquia,49,-75.2,7.96,0.0,10.0,88.0,353.0,292.0,132.0,218.0,387.0,165.0,141.0,193.0,69.0
25020530,Antioquia,500,-75.08975,8.0255,0.0,37.0,45.0,266.0,275.0,219.0,266.0,394.0,159.0,219.0,175.0,22.0
12010030,Antioquia,18,-76.7,7.57,73.0,25.0,66.0,184.0,286.0,466.0,323.0,387.0,607.0,382.8,204.6,111.0
23080750,Antioquia,1455,-75.18261111,6.05333333,317.0,237.0,368.0,462.0,322.0,106.0,283.0,435.0,359.0,355.0,276.0,69.0
23080740,Antioquia,1280,-75.25916667,6.39694444,112.0,192.0,160.0,256.0,412.0,154.0,407.0,332.0,86.0,285.0,334.0,64.0
26215010,Antioquia,26,-75.91952778,6.03955556,48.9,77.50000000000001,98.80000000000001,321.20000000000005,339.4,60.8,182.89999999999998,182.60000000000002,122.40000000000002,292.79999999999995,194.79999999999995,23.5
23080650,Antioquia,1850,-75.33561111,6.07377778,114.0,140.0,97.0,200.0,263.0,89.0,291.0,252.0,146.0,221.0,164.0,25.0
27010830,Antioquia,2320,-75.51575,6.56322222,37.0,70.0,50.0,112.0,129.0,109.0,151.0,114.0,66.0,123.0,118.0,18.0
26200150,Antioquia,1650,-75.68511111,5.93675,41.0,161.0,104.0,160.0,265.0,92.0,134.0,119.0,189.0,117.0,247.0,68.0
11110030,Antioquia,905,-76.25222222,6.85805556,26.0,2.0,46.0,14.0,51.0,8.0,22.0,1.6,73.5,162.7,188.0,2.0
11110010,Antioquia,1370,-76.13361111,6.76333333,25.0,155.0,132.5,251.0,308.0,128.0,251.0,89.0,97.0,478.0,345.0,125.0
26220090,Antioquia,10,-75.95722222,6.68805556,59.0,33.0,98.0,107.0,287.0,19.0,99.0,88.0,129.0,231.0,148.0,16.0
27010820,Antioquia,1600,-75.45361111,6.36833333,85.0,73.0,91.0,218.0,189.0,44.0,173.0,158.0,100.0,240.0,173.0,5.0
27010900,Antioquia,1850,-75.21980556,6.67780556,148.0,119.0,107.0,531.0,632.0,141.0,449.0,308.0,236.0,282.0,345.0,104.0
27010770,Antioquia,255,-75.70508333,6.17833333,115.0,135.0,121.0,182.0,284.0,75.0,240.0,131.0,118.0,241.0,244.0,45.0
26220100,Antioquia,1950,-75.73408333,7.24963889,43.0,21.0,15.0,161.0,240.0,153.0,188.0,166.0,85.0,156.0,119.0,45.0
26220110,Antioquia,530,-75.61686111,7.32375,36.3,47.1,15.0,62.1,203.2,230.3,274.0,340.0,135.0,294.0,174.0,148.0
26170190,Antioquia,1140,-75.72361111,5.80386111,129.0,16.0,159.0,281.0,229.0,139.0,193.0,163.0,243.0,314.0,202.0,76.0
26180170,Antioquia,2530,-75.38138889,5.99833333,30.100000000000005,139.5,30.5,85.50000000000001,122.60000000000001,10.899999999999999,137.3,83.9,79.5,152.90000000000003,115.1,27.4
26185020,Antioquia,2408,-75.31863889,5.88636111,129.79999999999995,140.60000000000002,196.7,224.8,380.20000000000005,173.8,393.7,283.3,177.4,281.3,152.8,28.0
26230140,Antioquia,1250,-75.75805556,6.72088889,82.7,52.0,146.5,186.0,213.0,77.0,81.0,71.0,61.0,146.0,193.0,69.0
23080640,Antioquia,2150,-75.328,6.17108333,74.0,94.0,108.0,189.0,186.0,79.0,165.0,124.0,87.0,156.0,119.0,13.0
27010810,Antioquia,2550,-75.51675,6.19688889,87.0,97.0,216.0,144.0,157.0,57.0,190.0,158.0,88.0,167.0,233.0,20.0
26180200,Antioquia,560,-75.53683333,5.95083333,86.0,149.0,116.0,113.0,198.0,73.0,430.0,334.0,279.0,299.0,196.0,48.0
27030040,Antioquia,40,-74.814,7.90441667,51.0,10.0,50.0,327.0,450.0,313.0,484.0,413.0,488.0,565.0,251.0,50.0
25021480,Antioquia,31,-74.79,8.03,51.0,5.0,36.0,202.0,667.0,506.0,282.0,512.0,399.0,222.0,326.0,15.0
26170150,Antioquia,2100,-75.83880556,5.79105556,117.0,71.0,114.0,208.0,303.0,54.0,227.0,206.0,134.0,256.0,226.0,26.0
27030080,Antioquia,650,-74.71505556,7.06805556,80.0,96.0,98.0,202.0,141.0,113.0,160.0,183.0,99.0,279.0,200.0,54.0
26230200,Antioquia,10,-75.81480556,6.846,40.0,43.0,57.0,111.0,181.0,35.0,109.0,131.0,61.0,104.8,152.0,48.5
26210110,Antioquia,2100,-75.86116667,5.93491667,22.0,98.0,179.0,115.0,393.0,188.0,229.0,447.0,384.0,180.0,258.0,118.0
26230130,Antioquia,2830,-75.60961111,6.88719444,50.0,,,89.0,64.0,116.0,79.0,51.0,57.0,130.0,126.0,68.0
26230110,Antioquia,1600,-75.66986111,6.90983333,60.0,71.0,94.0,130.0,170.0,94.0,151.0,153.0,54.0,231.0,204.0,51.0
23080760,Antioquia,820,-75.017,6.4875,262.0,159.0,317.0,393.0,515.0,125.0,520.0,314.0,199.0,324.0,360.0,97.0
12030010,Antioquia,4,-76.53305556,8.75522222,12.0,4.0,20.0,167.0,341.0,124.6,537.0,304.0,71.0,169.0,217.0,112.0
27010880,Antioquia,2630,-75.39222222,6.70286111,96.0,83.0,103.0,113.0,373.0,78.0,269.0,163.0,75.0,228.0,79.0,20.0
23050100,Antioquia,1751,-74.72608333,5.73075,200.0,125.6,305.9,365.90000000000003,169.79999999999998,33.8,62.2,65.2,100.6,410.09999999999997,147.0,
26175030,Antioquia,1153,-75.69091667,5.71733333,84.5,49.599999999999994,116.80000000000001,200.39999999999998,161.10000000000002,63.0,242.10000000000002,160.4,151.10000000000002,234.8,156.5,34.0
26250110,Antioquia,190,-75.26438889,7.47411111,54.0,53.0,100.0,421.0,569.0,322.0,539.0,600.0,338.0,582.0,381.0,311.0
26200120,Antioquia,515,-75.79458333,6.07294444,35.0,74.0,91.0,205.0,357.0,44.0,167.0,98.0,124.0,172.1,398.0,60.0
12010100,Antioquia,10,-76.61738889,7.94552778,40.0,14.0,59.0,156.0,222.0,185.0,312.0,272.0,230.0,493.0,189.0,172.0
12010110,Antioquia,5,-76.63852778,7.98741667,31.0,9.5,77.8,44.6,116.1,107.29999999999998,114.7,214.20000000000002,135.60000000000002,269.70000000000005,193.4,50.1
12020010,Antioquia,10,-76.52,8.19999722,12.0,5.0,19.0,92.0,151.0,118.0,154.0,307.0,50.0,98.0,204.0,68.0
12010120,Antioquia,130,-76.64908333,7.92383333,24.0,24.0,59.0,140.0,221.0,163.0,268.0,257.0,214.0,449.0,195.0,73.0
11070020,Antioquia,250,-76.22861111,6.33222222,35.0,93.0,117.0,160.0,321.0,112.0,187.0,127.0,112.0,237.0,240.0,59.0
11070030,Antioquia,2150,-76.15861111,6.53944444,217.0,187.0,321.0,347.0,394.0,54.0,128.0,168.0,116.0,355.0,263.0,125.0
27020260,Antioquia,10,-75.30219444,7.24677778,12.0,77.0,110.0,257.0,120.0,105.0,527.0,438.1,114.0,427.0,208.0,109.0
26240150,Antioquia,150,-75.4,7.29,201.0,260.0,90.0,333.0,237.0,306.0,220.0,330.0,343.0,,196.0,190.0
26255020,Antioquia,2652,-75.56,6.78,204.2,344.2,198.70000000000002,490.70000000000005,948.5999999999999,327.3,463.4,166.79999999999998,272.6,208.1,366.1,192.2
23100030,Antioquia,1450,-74.78566667,6.84047222,45.0,46.0,184.0,329.0,374.0,107.0,409.0,254.0,84.0,243.0,228.0,59.0
23105030,Antioquia,990,-74.79652778,6.77411111,15.0,105.6,196.00000000000003,199.4,413.5,67.8,327.69999999999993,215.9,83.4,253.89999999999995,224.0,99.89999999999999
26200130,Antioquia,1700,-75.84,5.97,16.8,56.199999999999996,63.10000000000001,162.6,182.1,50.0,106.6,114.60000000000001,142.5,127.8,83.5,18.1
11060010,Antioquia,18,-76.77927778,6.42,391.0,439.0,354.0,274.0,403.0,540.0,508.0,347.0,565.0,284.0,392.0,143.0
27020200,Antioquia,2400,-75.35558333,7.07072222,134.3,306.3,272.8,300.1,554.0,231.2,384.19999999999993,362.0,221.29999999999998,345.7,258.5,102.89999999999999
27020220,Antioquia,2750,-75.48386111,6.81361111,43.60000000000001,89.6,67.4,147.29999999999998,330.99999999999994,114.1,326.40000000000003,148.89999999999998,79.6,202.69999999999996,119.9,51.3
27020190,Antioquia,2400,-75.41555556,6.95597222,139.0,88.0,147.0,211.0,459.0,244.0,547.0,290.0,137.0,220.0,258.0,108.0
23160010,Antioquia,85,-73.94416667,7.08944444,422.0,49.0,64.0,276.0,468.0,154.0,168.0,240.0,415.0,442.0,382.3,66.0
27030090,Antioquia,220,-74.83933333,7.31930556,88.0,189.0,92.0,268.0,535.0,251.0,428.0,300.0,459.0,292.0,631.0,341.0
27030210,Antioquia,50,-74.87238889,7.48622222,16.0,205.0,106.0,309.0,399.0,175.0,535.0,538.0,301.0,383.0,395.0,151.0
37055010,Arauca,128,-70.73805556,7.06944444,10.8,47.300000000000004,41.7,178.59999999999997,216.7,393.8,290.7,207.10000000000002,157.2,131.4,102.89999999999999,34.4
37050010,Arauca,100,-71.41972222,7.03722222,8.0,12.0,2.0,101.0,197.0,358.0,226.0,198.0,48.0,279.0,251.0,66.0
29040250,Atlantico,4,-74.88841667,10.37663889,0.0,0.0,58.1,38.3,27.2,30.400000000000002,61.5,,,,,
14010020,Atlantico,80,-75.14011111,10.72188889,0.0,1.0,3.0,2.0,31.0,44.0,34.0,71.0,157.0,33.0,86.0,22.0
29040080,Atlantico,80,-74.85791667,10.779,0.0,0.0,13.0,18.0,5.0,164.0,41.0,201.0,78.0,123.0,81.0,80.0
29040300,Atlantico,5,-74.82227778,10.50788889,0.0,2.0,17.0,40.0,20.0,79.0,49.0,,,,,
29040230,Atlantico,5,-74.96966667,10.98833333,0.0,4.0,0.0,0.0,17.5,42.3,23.0,6.4,46.6,,,
29040310,Atlantico,8,-74.92022222,10.27788889,0.0,3.0,40.0,127.0,106.0,94.0,171.0,131.0,180.0,256.0,93.0,7.0
29040240,Atlantico,100,-74.98055556,10.74472222,0.0,0.0,4.0,64.6,16.2,90.0,50.2,,,,,
21201230,Bogotá,2520,-74.07030556,4.701125,67.4,36.1,126.3,48.0,20.799999999999997,16.5,21.9,9.2,36.1,66.5,78.9,0.3
35020310,Bogotá,2800,-74.146,4.17225,31.099999999999998,20.099999999999998,74.0,82.2,131.89999999999998,182.7,200.9,114.80000000000001,66.5,40.10000000000001,55.8,22.6
25020350,Bolívar,30,-74.54166667,8.49277778,32.0,0.0,96.0,145.0,785.0,277.0,156.0,158.0,294.0,536.0,441.0,107.0
25020970,Bolívar,74,-73.94111111,8.45944444,4.8,17.4,6.6,63.3,94.8,59.8,62.7,124.6,190.3,196.60000000000002,214.0,17.5
29030040,Bolívar,60,-75.35444444,10.25027778,3.0,0.0,56.0,195.0,97.0,173.0,321.0,284.0,384.0,319.0,337.0,
14010030,Bolívar,35,-75.40138889,10.52416667,0.0,0.0,0.0,26.0,4.1,40.099999999999994,96.5,143.2,117.5,82.6,31.2,
29030370,Bolívar,1,-75.55111111,10.23416667,0.0,0.0,0.0,66.0,12.0,67.0,96.0,202.0,263.0,308.0,116.0,
25021340,Bolívar,18,-74.73611111,9.24916667,5.0,19.0,8.0,62.0,81.0,84.0,139.0,170.0,116.0,120.0,109.0,0.0
25020960,Bolívar,20,-74.82527778,9.58805556,0.0,7.0,44.0,45.0,28.0,71.0,88.0,160.0,75.0,78.0,47.0,6.0
25021310,Bolívar,20,-74.40583333,9.00416667,126.0,0.0,52.0,219.0,148.0,121.0,138.0,214.0,54.0,180.0,175.0,63.0
25021540,Bolívar,30,-74.04999722,8.94999722,0.0,136.0,73.0,167.0,88.0,73.0,106.0,108.0,228.0,150.0,175.0,0.0
25021280,Bolívar,20,-74.51,8.97,0.0,12.0,64.0,119.0,308.0,150.0,102.8,139.0,82.0,126.0,181.0,12.0
25020950,Bolívar,10,-74.77,9.04,8.0,7.0,30.0,132.0,220.0,82.0,106.0,395.0,164.0,191.0,119.0,0.0
29030430,Bolívar,8,-75.23527778,10.15083333,0.0,0.0,11.0,273.0,74.0,64.0,153.0,170.0,178.5,66.0,82.0,
29030280,Bolívar,50,-75.20027778,10.08583333,0.0,5.0,60.0,183.0,53.0,37.0,32.0,148.0,85.0,105.0,117.0,0.0
25020890,Bolívar,20,-74.22194444,9.11938889,3.0,14.0,68.0,95.0,144.0,142.0,75.0,194.0,175.0,159.0,151.0,0.0
29030310,Bolívar,10,-75.4175,9.93388889,0.0,0.0,12.0,243.0,123.0,56.0,174.0,183.0,99.0,68.0,283.0,34.0
29030450,Bolívar,60,-75.26238889,9.93297222,10.0,7.0,135.0,76.0,113.0,141.0,292.0,205.0,144.0,317.0,132.0,
29030780,Bolívar,60,-75.2275,9.98361111,28.0,0.0,108.0,95.0,125.0,83.0,203.0,141.0,101.0,268.0,182.0,
25021270,Bolívar,20,-74.52555556,9.07305556,3.0,0.0,45.0,107.0,198.0,170.0,187.0,139.0,133.0,186.0,55.0,0.0
25021330,Bolívar,20,-74.61347222,9.11544444,0.0,0.0,10.0,33.0,193.0,115.0,90.0,253.0,225.0,120.0,86.0,0.0
25021350,Bolívar,20,-74.43555556,9.26277778,5.8,0.0,17.5,69.2,92.39999999999999,59.1,61.9,215.2,141.29999999999998,151.7,,0.0
25021180,Bolívar,20,-74.68888889,9.07833333,0.0,3.0,43.0,52.0,252.0,85.0,48.0,196.0,323.0,166.0,206.0,20.0
25020810,Bolívar,40,-74.60572222,8.29133333,7.0,52.0,195.0,246.0,656.0,500.0,342.0,540.0,631.0,715.0,486.0,108.0
25020330,Bolívar,25,-74.56916667,8.36638889,16.0,10.0,104.0,98.0,469.0,543.0,230.0,602.0,563.0,486.0,376.0,50.0
25020410,Bolívar,28,-74.72875,8.21944444,1.0,16.0,78.0,155.0,478.0,627.0,1372.0,1237.0,846.0,1186.0,964.0,82.0
23200060,Bolívar,80,-73.94194444,7.67055556,23.0,33.0,48.0,272.0,309.0,140.0,181.0,231.0,153.0,260.0,159.0,69.0
29030050,Bolívar,20,-75.16183333,10.40411111,0.0,40.0,10.0,108.0,76.0,103.0,130.0,142.0,194.0,216.0,300.0,0.0
25021290,Bolívar,25,-74.40888889,9.10138889,0.0,0.0,21.0,68.0,190.0,61.0,141.0,136.0,291.0,423.0,46.0,43.0
25021090,Bolívar,40,-74.31388889,9.09333333,0.0,20.0,15.0,140.0,90.0,107.0,90.0,155.0,220.0,209.0,208.0,0.0
29030570,Bolívar,100,-75.18611111,9.95833333,0.0,0.0,92.2,107.0,15.1,139.0,121.0,,,,,
29030200,Bolívar,70,-75.13527778,10.09972222,17.7,25.7,34.5,138.5,105.39999999999999,95.70000000000002,235.99999999999997,95.5,43.2,115.9,110.89999999999999,0.0
14010050,Bolívar,75,-75.34,10.41,0.9,1.5,0.0,65.80000000000001,85.9,27.3,126.60000000000001,59.6,162.9,99.3,99.89999999999999,
29010130,Bolívar,20,-74.85222222,9.81444444,25.0,0.0,0.0,40.0,65.0,160.0,106.0,84.0,58.0,123.0,38.0,0.0
29010050,Bolívar,15,-74.81555556,9.69944444,0.0,23.0,9.0,68.0,44.0,62.0,49.0,129.0,82.0,,,24.0
35070260,Boyacá,1954,-73.37986111,4.97083333,37.4,13.2,37.7,196.8,174.9,365.4,311.59999999999997,238.7,113.6,67.3,70.2,83.8
35070470,Boyacá,2150,-73.41016667,4.95041667,19.3,11.5,40.0,173.7,156.1,311.0,297.0,258.7,87.1,53.2,67.5,46.0
24010630,Boyacá,2600,-73.44413889,5.76058333,91.29999999999998,136.80000000000004,,237.1,97.79999999999998,,31.500000000000007,31.2,30.599999999999998,201.49999999999994,129.5,50.300000000000004
35080030,Boyacá,1370,-73.08672222,5.18372222,69.8,34.9,36.8,282.70000000000005,360.80000000000007,715.1999999999999,514.6,147.79999999999998,155.4,170.6,104.8,90.10000000000001
24035330,Boyacá,2150,-72.58227778,6.32897222,15.399999999999999,52.300000000000004,125.7,263.0,21.900000000000002,17.4,49.300000000000004,60.800000000000004,41.3,122.20000000000002,88.2,13.3
35090050,Boyacá,1200,-73.04972222,5.0035,59.5,55.0,41.5,360.0,529.3,618.9,593.5,423.0,,347.0,250.39999999999998,72.0
35070070,Boyacá,1900,-73.36425,5.16486111,23.5,41.50000000000001,47.699999999999996,120.8,140.3,318.2,197.70000000000002,168.29999999999998,73.6,114.50000000000001,95.19999999999999,28.900000000000002
35070060,Boyacá,2150,-73.34791667,5.21955556,24.6,44.199999999999996,65.2,205.0,162.6,500.30000000000007,250.8,157.70000000000002,104.59999999999998,80.50000000000001,144.29999999999998,65.5
24010830,Boyacá,2985,-73.45044444,5.64,19.299999999999997,51.4,128.5,115.5,20.900000000000002,42.6,35.2,19.8,32.0,16.5,69.5,7.5
24035310,Boyacá,2350,-72.50472222,6.54952778,27.1,61.900000000000006,88.10000000000001,226.89999999999998,109.00000000000001,69.99999999999999,61.99999999999999,84.6,69.60000000000001,129.4,144.89999999999998,21.700000000000003
24035250,Boyacá,2888,-72.46633333,6.18833333,0.0,,69.3,,77.0,280.20000000000005,207.39999999999995,,,,,
35070190,Boyacá,1850,-73.36673611,4.88636111,92.0,32.5,56.0,345.0,328.5,629.0,523.0,443.7,219.5,163.5,171.2,103.0
24030310,Boyacá,2820,-73.324,5.62891667,,,,45.1,28.9,43.4,49.4,25.4,11.5,19.3,77.5,27.0
23120210,Boyacá,190,-74.04591667,5.47466667,236.4,220.4,438.20000000000005,374.5,164.39999999999998,50.8,67.5,21.7,92.4,187.89999999999998,225.2,74.3
24030350,Boyacá,2540,-73.04461111,5.83008333,30.200000000000003,15.4,39.6,116.4,19.0,25.5,51.099999999999994,46.599999999999994,27.1,93.50000000000001,,
24030840,Boyacá,3650,-73.08238889,5.89163889,56.50000000000001,25.199999999999996,119.80000000000001,166.7,25.3,37.2,65.5,78.8,58.69999999999999,57.8,145.79999999999998,23.5
24035120,Boyacá,2485,-73.07447222,5.80244444,19.2,17.9,57.3,176.9,21.5,28.900000000000002,57.3,40.800000000000004,22.799999999999997,78.3,67.30000000000001,5.7
24030260,Boyacá,2749,-72.44544444,6.40822222,10.6,56.5,109.4,141.89999999999998,40.2,19.7,70.39999999999999,61.199999999999996,42.099999999999994,70.3,106.6,2.8
24030660,Boyacá,3409,-72.419,6.37511111,34.5,37.0,87.0,155.0,36.5,40.5,87.0,84.5,33.5,82.0,140.5,10.5
24030540,Boyacá,2486,-72.97827778,5.66452778,44.7,20.0,29.900000000000002,56.7,26.3,58.8,66.60000000000001,33.8,20.9,82.9,39.0,8.2
24010810,Boyacá,2375,-73.54891667,5.75080556,108.5,105.30000000000001,117.5,133.1,64.8,31.0,51.5,42.0,59.5,54.6,98.5,25.5
24030640,Boyacá,3200,-72.76980556,5.78236111,24.299999999999997,27.900000000000002,108.6,118.20000000000002,146.00000000000003,416.5,271.7,261.59999999999997,107.6,47.00000000000001,71.2,
35070080,Boyacá,1700,-73.36852778,5.07886111,26.5,14.0,37.900000000000006,137.39999999999998,140.0,274.0,189.0,163.49999999999997,65.89999999999999,45.8,87.9,42.1
24030230,Boyacá,2470,-72.97627778,5.6155,48.3,52.2,44.300000000000004,28.599999999999998,22.7,53.1,38.5,34.300000000000004,32.0,51.800000000000004,29.900000000000002,6.199999999999999
24030580,Boyacá,2962,-72.59333333,6.14147222,7.5,19.3,,145.1,22.8,57.800000000000004,77.2,25.2,21.6,53.900000000000006,75.0,0.0
35080110,Boyacá,2250,-73.25861111,5.00513889,68.5,29.7,90.5,308.1,472.3,807.3,673.7,417.8,192.0,268.9,335.3,98.39999999999999
35075040,Boyacá,1300,-73.31675,4.97436111,72.3,17.300000000000004,48.7,264.4,210.0,537.2,430.5,295.0,160.7,86.89999999999999,130.5,114.7
35070520,Boyacá,1780,-73.35036111,4.93141667,59.8,24.0,67.4,265.3,326.5,473.20000000000005,352.79999999999995,348.7,138.3,89.7,159.70000000000002,108.20000000000002
35070130,Boyacá,1200,-73.30797222,4.95025,75.89999999999999,22.4,55.6,309.7,263.0,576.3,433.5,339.9,155.70000000000002,95.19999999999999,110.20000000000002,140.20000000000002
24030560,Boyacá,2900,-72.7945,5.75838889,1.0,23.5,147.5,66.6,65.4,243.70000000000002,148.5,101.7,81.3,59.0,93.10000000000001,19.5
24030190,Boyacá,2970,-72.84786111,5.72455556,4.8,29.799999999999997,59.00000000000001,34.5,28.700000000000003,111.0,58.699999999999996,57.7,1.0,49.6,42.0,10.2
24010710,Boyacá,1764,-73.57641667,5.85216667,88.0,149.00000000000003,134.1,395.50000000000006,159.7,133.3,139.8,197.8,83.49999999999999,228.80000000000004,145.29999999999998,94.19999999999999
24010840,Boyacá,3195,-73.38647056,5.63438111,45.9,72.4,85.09999999999998,61.199999999999996,59.39999999999999,69.2,86.2,27.799999999999997,11.8,16.8,37.2,0.0
23120050,Boyacá,850,-74.10122222,5.53480556,127.80000000000001,152.60000000000002,190.39999999999998,398.0,260.29999999999995,61.0,53.7,118.1,121.70000000000002,297.6,241.89999999999998,44.8
24035150,Boyacá,2530,-72.89430556,5.78158333,27.6,40.1,73.8,73.80000000000001,18.2,45.00000000000001,66.8,73.4,18.7,63.1,,7.7
24030790,Boyacá,2500,-72.94025,5.77341667,36.5,22.0,35.800000000000004,84.1,21.8,41.6,55.09999999999999,34.6,21.8,96.39999999999999,88.9,9.2
35075010,Boyacá,2438,-73.45377778,5.35269444,6.5,40.5,33.0,65.0,62.2,207.5,106.5,91.6,46.2,20.5,64.0,17.2
23125080,Boyacá,1100,-74.18461111,5.66172222,163.1,108.49999999999999,312.8,458.70000000000005,163.1,114.1,130.8,111.7,175.9,260.5,,76.0
35070210,Boyacá,2160,-73.39563889,5.13925,41.199999999999996,23.8,35.4,108.10000000000002,130.4,266.7,169.29999999999998,169.0,82.0,72.5,70.1,32.4
24030510,Boyacá,2900,-73.07175,5.69930556,36.9,38.3,,92.9,25.3,51.7,45.400000000000006,32.6,14.200000000000001,42.0,65.0,9.0
24010870,Boyacá,2200,-73.19619444,5.89952778,69.4,79.5,346.4000000000001,186.9,35.4,15.9,26.900000000000002,49.99999999999999,110.5,98.99999999999999,156.5,9.0
24030120,Boyacá,2678,-73.07684778,5.52303306,15.8,,,25.500000000000004,22.8,68.3,90.69999999999999,69.5,37.7,45.10000000000001,65.19999999999999,5.3
35070010,Boyacá,2360,-73.33297222,5.39952778,9.7,36.400000000000006,54.7,85.0,106.90000000000002,226.49999999999997,128.7,111.7,33.7,18.1,68.3,28.000000000000004
24010180,Boyacá,2290,-73.63136111,5.53877778,61.2,91.0,46.800000000000004,51.89999999999999,4.0,2.7,16.9,3.3,50.099999999999994,30.7,36.8,0.9
24015220,Boyacá,2600,-73.49577778,5.50938889,50.400000000000006,75.5,91.9,27.799999999999997,17.7,33.900000000000006,26.2,18.599999999999998,24.9,40.3,24.1,2.0999999999999996
35080070,Boyacá,400,-73.16986111,4.81977778,102.80000000000001,62.2,38.0,411.6,438.7,649.7,630.2,406.5,356.5,334.8,244.29999999999998,129.7
23120250,Boyacá,681,-74.06872222,5.64963889,39.699999999999996,55.900000000000006,209.70000000000002,423.9,298.00000000000006,108.9,180.09999999999997,220.39999999999998,134.10000000000002,166.4,154.7,4.2
35080080,Boyacá,450,-73.23408333,4.86038889,162.3,36.2,77.6,434.5,327.5,693.4,556.4,432.5,337.0,307.4,457.5,160.8
35070180,Boyacá,850,-73.25675,4.86077778,175.7,27.2,88.0,472.6,403.3,732.1,674.4,490.2,385.3,388.7,503.79999999999995,223.0
24030400,Boyacá,2690,-72.98577778,5.86872222,34.300000000000004,31.700000000000003,87.0,50.6,14.799999999999997,62.3,44.0,30.799999999999997,39.4,56.10000000000001,78.50000000000001,6.7
24010110,Boyacá,1520,-73.46916667,6.07694444,97.0,120.0,86.0,396.0,296.90000000000003,112.3,266.9,204.1,179.0,290.99999999999994,347.2,75.1
24030670,Boyacá,3240,-72.771,6.13963889,13.2,24.9,32.8,74.89999999999999,2.4,28.099999999999998,31.799999999999997,4.7,24.3,7.5,34.8,4.4
24035320,Boyacá,2594,-72.70483333,6.11686111,27.4,0.0,122.19999999999999,128.2,8.7,0.0,56.0,30.2,3.4,124.0,79.8,0.0
24030690,Boyacá,352,-72.64405556,5.98858333,1.8,30.5,209.7,160.1,66.70000000000002,90.3,55.0,40.50000000000001,23.8,25.5,46.300000000000004,14.100000000000001
24030570,Boyacá,2328,-72.63533333,6.06208333,4.3,43.2,75.6,109.19999999999999,26.199999999999996,29.000000000000004,64.0,44.6,19.299999999999997,41.10000000000001,73.0,0.0
35235010,Boyacá,3590,-72.52927778,6.01166667,57.6,76.60000000000001,72.49999999999999,322.29999999999995,379.4,719.5999999999999,541.9000000000001,623.0000000000001,225.79999999999995,97.5,157.39999999999998,91.60000000000001
24035340,Boyacá,2500,-72.96791667,5.67694444,53.2,15.0,24.799999999999997,73.6,31.3,61.2,66.0,48.099999999999994,24.2,83.80000000000001,56.00000000000001,8.7
24030940,Boyacá,2500,-72.90788889,5.75605556,,,57.1,69.5,17.5,43.00000000000001,58.800000000000004,47.2,24.5,82.9,46.0,5.2
35070100,Boyacá,1600,-73.43305556,4.98347222,24.0,2.0,47.0,147.0,114.0,252.0,239.0,151.0,80.0,25.0,47.0,64.0
24030380,Boyacá,2860,-73.23492306,5.74966111,14.700000000000001,52.7,128.4,165.2,62.9,42.0,58.1,61.9,29.2,71.9,112.89999999999999,15.899999999999999
24030240,Boyacá,2550,-72.68933333,6.23175,3.0,22.0,29.8,46.8,5.0,3.5,15.899999999999999,10.3,12.0,17.6,40.99999999999999,2.0
24030160,Boyacá,2486,-72.78479139,5.86035722,4.0,20.0,139.5,101.4,17.8,26.799999999999997,47.400000000000006,28.2,,67.3,87.4,0.0
35070550,Boyacá,1830,-73.42691667,5.05661111,10.8,3.3,,94.0,104.5,265.7,173.49999999999997,133.0,58.4,45.5,74.5,54.6
35070040,Boyacá,2115,-73.39594444,5.31527778,16.0,67.39999999999999,39.3,124.4,103.9,335.90000000000003,144.79999999999998,183.59999999999994,70.4,33.6,104.60000000000001,23.2
24030410,Boyacá,2500,-73.00491667,5.74383333,20.6,25.8,46.4,71.9,21.3,27.3,22.2,34.2,24.3,47.5,24.4,4.300000000000001
24030800,Boyacá,3200,-73.1635,5.53380556,16.0,26.4,23.2,16.5,37.8,80.0,74.7,27.8,7.1,8.7,22.0,13.0
24035130,Boyacá,2690,-73.36081306,5.5430775,32.400000000000006,32.7,47.9,29.1,28.9,47.7,42.5,32.5,14.8,22.0,43.800000000000004,8.200000000000001
35070030,Boyacá,2400,-73.49636111,5.31775,17.9,33.0,48.50000000000001,43.2,65.10000000000001,170.60000000000002,83.39999999999999,74.49999999999999,22.9,15.1,37.400000000000006,14.700000000000001
24030820,Boyacá,2780,-73.21011111,5.66372222,23.8,10.7,22.0,69.19999999999999,24.5,22.200000000000003,29.499999999999996,31.299999999999997,19.5,84.20000000000002,20.6,15.0
24030530,Boyacá,2580,-73.23422222,5.69872222,39.4,17.0,159.3,121.1,31.5,41.400000000000006,55.199999999999996,22.799999999999997,14.3,98.3,15.600000000000001,15.7
24030860,Boyacá,2800,-72.86666667,6.10072222,5.4,9.7,47.7,75.1,17.1,20.7,47.1,39.60000000000001,61.50000000000001,113.1,88.2,11.3
24030650,Boyacá,2833,-72.85561111,6.03361111,24.000000000000004,90.8,129.1,116.3,10.5,31.0,42.6,27.6,29.0,22.6,,
35070050,Boyacá,2300,-73.44455556,5.21911111,17.1,41.7,39.5,71.8,86.89999999999999,184.1,138.8,93.1,44.3,39.300000000000004,46.800000000000004,22.9
35070020,Boyacá,2630,-73.60288889,5.38305556,32.2,28.9,40.800000000000004,47.099999999999994,,,,99.6,38.900000000000006,20.0,53.599999999999994,19.8
24010410,Boyacá,2120,-73.54527778,5.60208333,55.0,54.7,104.1,102.0,2.8,3.8,8.3,0.0,20.3,11.7,25.4,1.8
24015300,Boyacá,2215,-73.54394444,5.65583333,57.9,62.0,175.7,158.0,17.2,,12.8,10.3,48.0,70.0,89.3,7.6000000000000005
35080010,Boyacá,1720,-73.16927778,5.28297222,24.5,52.2,32.8,186.0,246.2,357.49999999999994,270.6,297.2,100.8,74.4,97.80000000000001,50.1
26180190,Caldas,2400,-75.45119444,5.60002778,92.0,170.0,316.0,472.0,231.0,99.0,192.0,20.0,466.0,439.0,348.0,30.0
26160160,Caldas,1480,-75.5775,5.5875,35.2,22.800000000000004,38.800000000000004,58.8,75.60000000000001,23.799999999999997,47.400000000000006,34.900000000000006,29.800000000000004,65.10000000000001,66.89999999999998,3.0999999999999996
26180220,Antioquia,608,-75.59999722,5.73,72.5,9.0,92.4,103.39999999999999,86.2,59.0,91.8,117.7,158.9,177.10000000000002,169.59999999999997,4.8
26155110,Caldas,2104,-75.46991667,5.02977778,32.7,52.2,244.29999999999998,146.7,90.19999999999999,36.9,32.6,36.599999999999994,66.8,136.3,119.1,50.0
26150160,Caldas,3341,-75.35655556,5.01783333,23.0,48.0,49.0,29.0,34.0,26.0,,,,,,
23020080,Caldas,1974,-75.14408333,5.26561111,156.5,256.90000000000003,316.20000000000005,306.59999999999997,89.80000000000001,60.300000000000004,111.3,22.7,196.10000000000002,227.4,265.7,31.7
23050080,Caldas,1550,-75.05747222,5.29891667,357.1,342.4,441.4,316.2,261.1,130.2,89.9,64.5,114.50000000000001,337.7,,
23020090,Caldas,1700,-75.26713889,5.27816667,91.0,78.0,153.0,160.0,153.0,88.0,115.0,38.0,73.0,120.0,98.0,6.0
26160120,Caldas,2411,-75.43577778,5.19219444,44.0,162.0,144.0,203.0,111.0,5.0,51.0,7.0,106.0,164.0,179.0,35.0
23050250,Caldas,737,-74.89169444,5.57447222,437.0,273.0,400.0,572.0,409.0,139.0,124.0,211.0,140.0,486.0,528.0,
26160090,Caldas,712,-75.45508333,5.52244444,158.0,140.0,139.0,261.0,225.0,89.0,109.0,76.0,108.0,252.0,233.0,90.0
23050230,Caldas,216,-75.14916667,5.37430556,136.0,226.0,384.0,406.0,,,,,,,,
26185040,Caldas,2690,-75.37533333,5.37294444,91.30000000000001,52.8,116.69999999999999,130.0,65.0,19.900000000000002,22.3,8.3,37.9,136.40000000000003,131.1,3.1
23040070,Caldas,189,-74.94197222,5.32841667,499.70000000000005,267.20000000000005,407.0,417.00000000000006,213.29999999999998,67.80000000000001,66.5,66.39999999999999,148.5,417.3,396.9,
23020100,Caldas,760,-74.91463889,5.32108333,298.7,205.4,361.4,251.2,153.39999999999998,27.7,60.2,56.6,134.1,354.9,,
26150150,Caldas,2304,-75.48972222,4.95166667,15.0,52.0,160.0,200.0,125.0,71.0,75.0,50.0,70.0,233.0,199.0,30.0
44045030,Caquetá,300,-75.80772222,1.30336111,380.0,120.6,419.3,374.3,604.8,432.4,437.40000000000003,,178.9,259.4,176.9,111.8
46035010,Caquetá,270,-75.16266667,1.64022222,181.9,102.2,371.4,423.8,486.49999999999994,425.1,331.1,233.0,117.3,298.4,252.69999999999996,67.1
44035020,Caquetá,244,-75.55955556,1.58905556,188.2,141.8,175.9,344.7,501.29999999999995,503.70000000000005,590.5999999999999,216.7,78.30000000000001,285.90000000000003,238.9,51.9
44030060,Caquetá,500,-75.49,1.49,435.0,316.0,263.0,311.0,498.0,484.0,473.0,168.0,97.0,181.0,203.0,145.0
44035030,Caquetá,280,-75.66,1.5,297.1,162.9,181.0,324.59999999999997,523.6999999999999,404.4,395.6,171.6,120.0,234.7,200.1,101.89999999999999
44045010,Caquetá,320,-75.9615,1.32513889,455.6,170.9,362.4000000000001,507.19999999999993,676.8,462.49999999999994,462.2,275.3,275.59999999999997,304.4,327.8,99.80000000000001
35190070,Casanare,190,-72.45858333,5.09191667,29.6,2.0,11.600000000000001,202.9,134.5,210.5,298.5,200.9,98.4,157.0,132.0,10.0
35190030,Casanare,180,-72.90288889,5.20438889,46.5,17.5,32.699999999999996,304.99999999999994,395.0,641.1,554.2,404.20000000000005,298.90000000000003,195.39999999999998,258.9,126.4
35220030,Casanare,130,-71.33,4.79,,,,,112.0,465.0,530.0,217.0,69.0,33.0,203.6,56.0
35230010,Casanare,170,-71.72805556,5.4205,22.299999999999997,30.6,9.5,202.10000000000002,93.60000000000001,257.1,397.59999999999997,450.8,156.7,157.2,114.29999999999998,50.2
35180010,Casanare,180,-72.66588889,4.93736111,40.0,11.5,0.0,205.3,229.2,232.3,235.20000000000002,200.3,71.8,196.8,128.0,
35210010,Casanare,656,-72.45625,5.45305556,66.8,95.7,34.5,334.9,244.7,684.2,686.5,570.5,380.5,212.8,257.7,74.4
52025010,Cauca,1510,-77.00402778,1.82994444,76.1,71.0,190.30000000000004,150.39999999999998,9.5,5.7,2.8,0.0,17.6,128.9,128.1,0.0
52020050,Cauca,1400,-76.99161111,1.88016667,111.60000000000001,83.4,194.8,66.7,4.699999999999999,8.9,13.3,0.0,20.8,82.0,173.9,9.4
52020010,Cauca,720,-77.00305556,2.04638889,168.0,111.0,238.0,299.0,141.0,22.0,89.0,3.0,90.0,261.0,287.0,4.0
52025020,Cauca,2300,-76.89166667,1.75333333,102.9,45.8,165.20000000000002,82.59999999999998,100.10000000000001,20.1,6.5,3.0,10.999999999999998,121.8,134.0,0.0
26020100,Cauca,1228,-76.63908333,3.02019444,187.0,87.0,225.0,329.0,208.0,21.0,135.0,0.0,119.0,320.0,440.0,48.0
26050270,Cauca,1156,-76.71941667,3.11563889,193.0,97.0,216.0,205.0,191.0,68.0,144.0,2.0,118.0,358.0,254.0,124.0
26020160,Cauca,1441,-76.65175,2.94516667,144.0,145.0,287.0,368.0,206.0,17.0,124.0,16.0,72.0,206.0,385.0,56.0
26020390,Cauca,1546,-76.58861111,2.85383333,191.0,120.0,342.0,119.0,59.0,1.0,7.0,14.0,25.0,290.5,211.0,23.0
26030070,Cauca,1246,-76.75472222,2.69741667,142.0,97.0,345.0,168.0,141.0,36.0,153.0,26.0,115.0,311.0,209.0,28.0
26020230,Cauca,1767,-76.75608333,2.60655556,194.0,162.0,411.0,266.0,170.0,9.0,119.0,3.0,230.0,225.0,410.0,22.0
26040290,Cauca,293,-76.4075,2.88052778,135.0,170.0,340.0,112.0,33.0,6.0,5.0,0.0,42.0,203.0,198.0,1.0
26040310,Cauca,19,-76.37783333,3.07061111,155.0,165.0,509.0,175.0,0.0,0.0,0.0,0.0,40.0,100.0,200.0,0.0
26040250,Cauca,1107,-76.24769444,3.17911111,137.0,50.0,149.0,81.0,20.0,6.0,28.0,2.0,75.0,122.0,159.0,17.0
26030060,Cauca,2171,-76.85361111,2.62558333,117.0,232.0,347.0,141.0,187.0,14.0,3.0,0.0,0.0,290.0,79.0,0.0
26030080,Cauca,2502,-76.89511111,2.62280556,306.0,378.0,479.0,281.0,267.0,297.0,135.0,68.0,180.0,465.0,325.0,30.0
52010100,Cauca,916,-76.84869444,2.33216667,117.19999999999999,93.3,229.20000000000002,215.9,35.3,12.0,70.8,1.0,51.7,168.9,345.2,1.4
26030090,Cauca,1628,-76.82972222,2.515,44.199999999999996,50.7,85.7,76.5,24.5,31.700000000000003,15.7,0.0,21.3,80.6,53.800000000000004,11.0
21050250,Cauca,2235,-76.09516667,2.501,118.0,81.0,262.0,176.0,118.0,236.0,175.0,121.0,39.0,90.0,164.0,21.0
21050310,Cauca,2750,-76.16891667,2.44683333,105.0,122.0,184.0,243.0,234.0,551.0,310.0,216.0,86.0,191.0,150.0,56.0
21050230,Cauca,1595,-76.04680556,2.58180556,86.0,110.0,234.0,169.0,70.0,277.0,133.0,124.0,48.0,177.0,66.0,19.0
21050240,Cauca,1600,-76.05419444,2.46061111,99.0,119.0,305.0,214.0,71.0,171.0,125.0,69.0,61.0,90.0,124.0,22.0
52020020,Cauca,2272,-76.78166667,2.005,54.3,163.2,165.5,76.8,9.599999999999998,15.4,13.3,2.7,4.9,70.1,223.5,0.0
53080020,Cauca,150,-77.13572222,3.16736111,696.0,495.0,670.0,620.0,358.0,262.0,664.0,789.0,692.0,945.0,929.0,1127.0
53070050,Cauca,100,-77.53605556,3.07713889,723.0,262.0,544.0,695.0,904.0,,315.0,729.0,589.0,839.0,928.0,460.0
26065020,Cauca,1133,-76.22305556,3.24566667,115.79999999999998,63.800000000000004,175.2,145.79999999999998,27.900000000000006,19.8,22.9,2.9,26.5,126.39999999999999,100.80000000000001,31.3
26020220,Cauca,1692,-76.62419444,2.76941667,151.0,215.0,328.0,132.0,159.0,40.0,100.0,71.0,101.0,109.0,304.0,11.0
21050220,Cauca,1462,-75.92788889,2.56588889,33.0,61.0,116.0,56.0,43.0,91.0,39.0,44.0,18.0,103.0,77.0,27.0
26020030,Cauca,1872,-76.53611111,2.64269444,109.0,194.0,224.0,165.0,69.0,12.0,20.0,1.0,79.0,145.0,222.0,31.0
26035030,Cauca,1752,-76.60875,2.45288889,111.30000000000001,242.0,220.1,171.20000000000002,102.9,37.3,6.1000000000000005,5.6,42.3,183.7,123.0,27.3
26020180,Cauca,1742,-76.63836111,2.49625,77.0,172.0,248.0,151.0,120.0,34.0,14.0,1.0,78.0,197.0,215.0,37.0
26010030,Cauca,2652,-76.45477778,2.38086111,81.0,236.0,158.0,55.0,16.0,11.0,5.0,3.0,14.0,47.0,290.0,1.0
26020320,Cauca,3482,-76.40405556,2.36308333,82.0,157.0,154.0,134.0,112.0,246.0,206.0,107.0,57.0,61.0,214.0,9.0
52010050,Cauca,1500,-76.78786111,2.23225,180.09999999999997,115.70000000000002,246.7,118.79999999999998,22.0,30.299999999999997,42.5,6.9,74.69999999999999,154.69999999999996,313.6,13.5
52010040,Cauca,1750,-76.73775,2.26238889,114.6,146.1,324.70000000000005,202.1,17.799999999999997,13.8,25.400000000000002,3.8,20.099999999999998,136.39999999999998,249.39999999999998,25.4
52020070,Cauca,2180,-76.78288889,1.81416667,68.89999999999999,114.3,114.89999999999999,73.3,7.6,90.79999999999998,53.599999999999994,37.199999999999996,14.3,43.900000000000006,130.3,0.7
44010100,Cauca,1510,-76.57122222,1.69483333,107.30000000000001,88.5,173.5,176.29999999999998,187.29999999999998,337.1,300.40000000000003,211.60000000000002,77.5,145.5,122.80000000000001,61.1
26020200,Cauca,1197,-76.48919444,2.96116667,207.0,105.0,260.0,157.0,58.0,27.0,78.0,4.0,39.0,245.0,285.0,48.0
26020250,Cauca,1397,-76.54697222,2.90369444,75.0,122.0,219.0,160.0,18.0,42.0,23.0,8.0,20.0,222.0,145.0,0.0
26020020,Cauca,2446,-76.34913889,2.62466667,73.0,53.0,140.0,106.0,0.0,57.0,23.0,12.0,10.0,89.0,71.0,0.0
53060020,Cauca,30,-77.62166667,2.87180556,,,,,,,,678.0,821.0,979.0,827.0,511.0
26020460,Cauca,2507,-76.40466667,2.48758333,85.0,257.0,108.0,28.0,2.0,8.0,110.0,1.0,1.0,102.0,143.0,0.0
26020130,Cauca,2427,-76.41880556,2.54183333,98.0,214.0,186.0,62.0,44.0,3.0,2.0,3.0,12.0,144.0,177.0,0.0
23215030,Cesar,208,-73.60277778,8.22888889,20.400000000000002,35.9,102.80000000000001,65.1,107.10000000000001,94.9,115.6,116.60000000000001,118.6,208.09999999999997,159.0,12.6
23190710,Cesar,50,-73.72444444,8.01183333,6.0,82.0,49.0,207.0,156.0,119.0,74.0,189.0,229.0,185.0,117.0,15.0
28020600,Cesar,150,-73.35716667,9.85472222,0.0,18.0,77.0,12.0,37.0,63.0,19.0,113.0,114.0,207.0,167.0,24.0
28025090,Cesar,100,-73.26547222,9.85025,4.8,2.5999999999999996,54.1,51.1,70.1,46.1,26.8,130.89999999999998,69.30000000000001,79.80000000000001,190.3,29.6
28020080,Cesar,60,-73.46219444,9.84808333,0.0,0.0,37.0,93.0,,64.0,98.0,105.0,78.0,155.0,160.0,0.0
28020440,Cesar,80,-73.28613889,9.91702778,47.0,58.0,78.0,45.0,45.0,40.0,34.0,111.0,133.0,180.0,155.0,0.0
28025070,Cesar,180,-73.24938889,10.00180556,63.0,40.8,6.5,72.6,161.29999999999998,43.7,68.8,96.60000000000001,222.0,277.29999999999995,216.6,26.2
25020220,Cesar,50,-73.97288889,9.49294444,0.0,32.0,110.0,103.0,166.0,46.0,41.0,160.0,20.0,214.0,143.0,0.0
25021650,Cesar,40,-73.87619444,9.55738889,7.0,69.0,70.0,50.0,90.0,0.0,0.0,110.0,73.0,84.0,120.0,0.0
28040030,Cesar,130,-73.88175,9.97575,22.0,6.0,60.0,103.0,110.0,22.0,134.0,79.0,159.0,84.0,134.0,2.0
28040070,Cesar,80,-73.95488889,9.93008333,45.0,10.0,40.0,190.0,165.0,65.0,170.0,120.0,80.0,187.0,155.0,0.0
25021240,Cesar,138,-73.80986111,9.26008333,0.0,128.0,47.0,77.0,240.0,40.0,25.0,198.0,74.0,189.0,130.0,0.0
25020240,Cesar,70,-73.89041667,9.41047222,0.0,22.0,54.0,60.0,62.0,15.0,142.0,181.0,69.0,193.0,142.0,5.0
25020270,Cesar,90,-73.73130556,9.19316667,0.0,45.0,87.0,28.0,118.0,36.0,129.0,13.0,118.0,264.0,135.0,0.0
25020260,Cesar,100,-73.48802778,9.39702778,55.0,106.0,225.0,156.0,182.0,125.0,169.0,184.0,128.0,217.0,251.0,79.0
25020690,Cesar,500,-73.41094444,9.42327778,20.0,68.0,52.0,10.0,246.0,29.0,56.0,100.0,191.0,77.0,135.0,0.0
25020660,Cesar,90,-73.75402778,9.00975,18.0,113.0,106.0,147.0,154.0,17.0,35.0,70.0,107.0,84.0,154.0,15.0
28040350,Cesar,30,-73.74369444,9.65697222,0.0,0.0,155.0,60.0,154.0,68.0,75.0,160.0,0.0,250.0,110.0,0.0
25020280,Cesar,30,-73.61197222,9.60652778,0.0,9.0,47.0,143.0,163.0,26.0,239.0,327.0,105.0,120.0,73.0,0.0
23210160,Cesar,150,-73.73777778,8.32666667,3.0,25.0,56.0,84.0,184.0,46.0,88.0,117.0,84.0,250.0,173.0,17.0
23210010,Cesar,90,-73.75527778,8.185,0.0,19.0,13.0,163.0,121.0,64.0,77.0,137.0,123.0,277.0,246.0,25.0
25020230,Cesar,170,-73.33947222,9.56216667,19.0,65.0,32.0,81.0,,107.0,129.0,110.0,230.0,165.0,200.0,
28010040,Cesar,740,-73.02527778,10.39138889,0.0,48.1,20.3,120.89999999999999,80.80000000000001,18.1,40.3,74.7,138.3,261.7,206.3,33.0
25020670,Cesar,500,-73.55972222,9.05027778,0.0,142.0,60.0,95.0,33.0,103.0,35.0,121.0,,,98.0,26.0
25021640,Cesar,40,-73.70255556,8.71275,0.0,84.30000000000001,4.2,60.5,83.9,70.4,59.199999999999996,140.4,107.29999999999998,229.10000000000002,210.60000000000002,8.9
28040010,Cesar,10,-73.58502778,10.41463889,6.0,10.0,29.0,78.0,129.0,236.0,93.0,120.0,163.0,261.0,145.0,29.0
23190580,Cesar,75,-73.61877778,8.08875,18.0,122.0,56.0,89.0,73.0,54.0,53.0,100.0,185.0,254.0,111.0,
23190480,Cesar,228,-73.5075,8.09888889,38.0,37.0,87.0,174.0,88.0,48.0,43.0,107.0,103.0,159.0,119.0,68.0
16050060,Cesar,1200,-73.38833333,8.29305556,6.0,23.0,19.0,25.0,98.0,7.0,74.0,103.0,127.0,53.0,151.0,16.0
23190110,Cesar,164,-73.42805556,7.83805556,119.6,175.80000000000004,141.8,490.09999999999997,286.1,51.5,79.69999999999999,77.60000000000001,263.3,182.1,258.8,49.6
23190810,Cesar,650,-73.32144444,7.81261111,75.0,210.0,234.0,127.0,173.0,64.0,71.0,115.0,111.0,198.0,367.0,71.0
23190500,Cesar,134,-73.38833333,7.75972222,106.0,209.0,198.0,228.0,273.0,43.0,83.0,145.0,140.0,372.0,395.0,44.0
28020590,Cesar,140,-73.22172222,10.15238889,21.0,64.0,24.0,107.0,67.0,25.0,39.0,45.0,156.0,101.0,183.0,14.0
28020410,Cesar,150,-73.31702778,10.18416667,25.0,0.0,130.0,35.0,31.5,8.0,0.0,101.5,83.0,198.0,97.0,8.0
28020420,Cesar,70,-73.54769444,9.84461111,20.0,72.0,50.0,51.0,115.0,36.0,91.0,158.0,202.0,153.0,190.0,0.0
23190520,Cesar,271,-73.43972222,7.99555556,91.0,90.0,133.0,248.0,181.0,228.0,134.0,74.0,131.2,135.0,371.0,65.0
25020090,Cesar,20,-73.81544444,8.86038889,75.0,134.0,160.0,97.0,155.0,52.0,99.0,123.0,70.0,330.0,110.0,23.0
28010360,Cesar,800,-73.35305556,10.69733333,0.0,83.5,0.0,10.5,93.5,0.0,0.0,210.0,301.2,440.7,220.89999999999998,0.0
28030190,Cesar,220,-73.73172222,10.08869444,22.0,0.0,67.0,152.0,108.0,84.0,59.0,72.0,220.0,94.0,86.0,7.0
28035020,Cesar,110,-73.31944444,10.36305556,,,,,53.0,78.80000000000001,47.199999999999996,73.39999999999999,76.5,227.5,,17.2
28020150,Cesar,60,-73.66883333,10.02997222,3.0,12.0,79.0,155.0,80.0,45.0,91.0,135.0,168.0,79.0,70.0,12.0
28010370,Cesar,180,-73.32544444,10.30708333,3.0,2.0,4.0,59.0,26.0,56.0,46.0,39.0,64.0,248.0,108.0,10.0
28010090,Cesar,450,-73.21161111,10.70386111,0.0,0.0,,,48.0,41.0,43.0,60.0,73.0,213.0,60.0,0.0
28030220,Cesar,244,-73.44413889,10.34705556,0.0,0.0,0.0,135.0,0.0,35.0,85.0,66.0,119.0,183.0,96.0,0.0
28010070,Cesar,120,-73.46711111,10.1855,15.0,0.0,0.0,92.0,53.0,92.0,93.0,231.0,192.0,222.0,167.0,0.0
11150030,Chocó,2,-77.27694444,8.53083333,15.0,145.0,100.0,145.0,460.0,413.0,410.0,510.0,430.0,55.0,180.0,25.0
11080010,Chocó,15,-76.88541667,6.55916667,537.0,504.0,364.0,336.0,464.0,655.0,859.0,511.0,548.0,516.0,232.0,265.0
11090010,Chocó,50,-76.97272222,6.81252778,388.0,526.0,122.0,175.0,361.0,416.0,617.0,529.0,412.0,415.0,243.0,185.0
11010010,Chocó,98,-76.54472222,5.45894444,688.1000000000001,367.1,561.0,1139.3,780.6000000000001,368.90000000000003,1001.9999999999999,626.3,887.8,692.7999999999998,595.8000000000001,372.79999999999995
11020010,Chocó,1850,-76.14208333,5.90852778,116.0,163.0,205.0,244.0,341.0,30.0,317.0,179.0,139.0,320.0,260.0,43.0
11020050,Chocó,715,-76.25086111,5.75766667,203.0,149.0,370.0,428.0,497.0,168.0,123.0,178.0,286.0,433.0,343.0,273.0
11050060,Chocó,100,-76.91563889,6.10833333,545.0,542.0,225.0,414.0,407.0,467.0,747.0,548.0,354.0,461.0,274.0,125.0
11050030,Chocó,25,-76.82136111,6.1025,595.0,287.0,409.0,460.0,595.0,437.0,387.0,876.0,561.0,331.0,340.0,293.0
54020010,Chocó,62,-76.6965,5.09766667,501.0,330.0,463.0,700.0,939.0,341.0,649.0,626.0,589.0,668.0,717.0,613.0
54020080,Chocó,35,-76.82694444,4.93222222,620.0,290.0,638.0,811.0,815.0,183.0,152.0,110.0,75.0,598.0,57.0,594.0
54020020,Chocó,71,-76.60555556,4.95569444,711.0,657.0,713.0,843.0,705.0,358.0,763.0,623.0,581.0,562.0,625.0,772.0
11045010,Chocó,75,-76.64377778,5.69055556,800.4000000000001,557.1,599.9,469.0,845.2,717.5000000000001,536.0,780.9,735.4,581.3,401.8,383.7
11050010,Chocó,20,-76.72702778,6.22177778,366.0,591.0,348.0,571.0,568.0,474.0,569.0,681.0,692.0,404.0,320.0,242.0
11040010,Chocó,54,-76.53780556,5.74361111,678.0,457.0,745.0,976.0,584.0,649.0,657.0,593.0,421.0,848.0,1009.0,730.0
11120040,Chocó,8,-77.11527778,7.43944444,74.0,46.0,42.0,150.0,123.0,194.0,361.0,248.0,295.0,171.0,93.0,45.0
11150020,Chocó,2,-77.04041667,8.16291667,245.0,0.0,65.0,110.0,210.0,310.0,420.0,211.0,40.0,423.0,60.0,120.0
11150010,Chocó,11,-77.07583333,8.30805556,133.0,10.0,14.0,205.0,288.0,230.0,401.0,248.0,255.0,206.0,97.0,160.0
25020780,Córdoba,20,-75.03416667,8.46138889,0.0,0.0,36.0,121.0,291.0,283.0,131.0,163.0,158.0,517.0,280.0,10.0
25020480,Córdoba,25,-74.86777778,8.34055556,5.0,4.0,68.0,85.0,397.0,307.0,61.0,227.0,247.0,305.0,108.0,104.0
12040020,Córdoba,40,-76.23555556,8.78694444,0.0,0.0,19.0,74.0,167.0,73.0,199.0,148.0,182.0,104.0,71.0,54.0
13075010,Córdoba,20,-75.62208333,9.15075,54.0,0.0,13.0,88.0,81.19999999999999,108.4,147.7,186.1,172.8,,,
13075020,Córdoba,40,-75.58222222,8.91388889,0.7,64.0,24.0,119.6,170.4,66.39999999999999,122.1,172.39999999999998,125.2,167.20000000000002,,
25020700,Córdoba,50,-75.33861111,8.05305556,0.0,2.0,31.0,349.0,165.0,227.0,254.0,225.0,78.0,182.0,259.0,35.0
13070020,Córdoba,20,-75.68805556,9.23444444,20.0,22.0,2.0,70.0,85.0,42.0,131.0,214.0,95.0,198.0,122.0,55.0
25025160,Córdoba,50,-75.40277778,8.00388889,12.5,0.0,86.0,233.29999999999998,166.1,318.7,,,108.6,246.70000000000002,209.9,68.1
25010080,Córdoba,100,-75.68,8.03,0.8,0.0,31.5,371.90000000000003,188.60000000000002,150.0,341.0,281.4,92.8,247.2,164.0,42.0
25010100,Córdoba,160,-75.76,8.12916667,2.0,0.0,5.0,121.0,94.0,210.0,182.0,440.0,297.0,230.0,204.0,18.0
13070070,Córdoba,20,-75.85611111,8.82991667,47.0,24.0,0.0,132.0,273.0,0.0,182.0,90.0,139.0,201.0,189.0,40.0
13060020,Córdoba,55,-75.76527778,8.47583333,22.0,16.0,43.0,117.0,169.0,5.0,78.0,154.0,21.0,133.0,61.0,34.0
13050020,Córdoba,220,-76.12388889,8.6675,18.0,15.0,57.0,56.0,104.0,118.0,101.0,265.0,156.0,46.0,43.0,53.0
13050030,Córdoba,100,-76.17527778,8.50194444,8.0,5.0,5.0,180.0,139.0,23.0,202.0,377.0,105.0,74.0,,3.0
13070280,Córdoba,10,-75.75138889,8.78861111,0.0,0.0,3.0,143.0,248.0,33.0,235.0,185.0,62.0,135.0,108.0,4.0
13060010,Córdoba,75,-75.86111111,8.55777778,51.0,21.0,0.0,82.0,160.0,24.0,101.0,165.0,86.0,28.0,56.0,
13050010,Córdoba,120,-76.04527778,8.84861111,,,,,220.0,16.0,149.0,159.0,42.0,141.0,159.1,9.5
25015010,Córdoba,170,-75.63227778,8.18077778,11.0,22.0,41.0,225.9,192.2,180.2,112.0,164.9,58.0,232.0,91.9,10.1
12040010,Córdoba,90,-76.22083333,8.90083333,4.8,1.2,0.0,62.199999999999996,106.4,16.799999999999997,210.9,109.5,113.9,200.19999999999996,109.9,36.0
25010110,Córdoba,80,-75.64722222,8.00611111,16.0,0.0,39.0,376.0,160.0,199.0,252.0,281.0,118.0,355.0,217.0,43.0
25020140,Córdoba,60,-75.45,8.94999722,12.5,4.3,51.8,97.5,119.6,105.60000000000001,118.8,143.89999999999998,87.1,90.2,116.9,13.299999999999999
13070170,Córdoba,9,-75.74972222,8.77277778,0.0,0.0,12.0,112.0,243.0,30.0,338.0,245.0,75.0,209.0,160.0,27.0
13070120,Córdoba,95,-75.67777778,8.6975,40.0,22.0,40.0,90.0,347.0,35.0,317.0,235.0,136.0,40.0,25.0,40.0
13070110,Córdoba,40,-75.75352778,8.68194444,0.0,18.0,29.0,170.0,257.0,51.0,263.0,158.0,58.0,177.0,141.0,29.0
13070190,Córdoba,9,-75.765,8.80472222,0.0,24.0,0.0,160.0,207.8,21.0,193.0,127.0,62.0,243.0,123.0,12.0
13070090,Córdoba,60,-75.70138889,8.79055556,15.0,42.8,30.0,122.0,126.0,5.0,212.5,140.0,135.0,235.0,53.0,8.0
13070100,Córdoba,140,-75.60141667,8.74111111,5.0,37.0,96.0,42.0,129.0,27.0,167.0,209.0,67.0,79.0,49.0,41.0
25010060,Córdoba,200,-75.50911111,7.87113889,10.3,33.6,78.4,193.9,140.4,151.8,261.40000000000003,295.09999999999997,76.5,230.2,99.4,28.5
13070180,Córdoba,20,-75.83177778,8.98444444,0.0,24.0,0.0,73.0,132.0,47.0,71.1,80.7,187.0,60.599999999999994,124.3,
13080010,Córdoba,50,-75.95333333,8.93586111,0.0,0.0,0.0,73.0,127.0,11.0,179.0,114.0,158.0,458.0,199.0,10.0
13060030,Córdoba,60,-75.90388889,8.26611111,8.0,8.0,6.0,157.0,180.0,90.0,197.0,197.0,106.0,160.0,52.0,
21190090,Cundinamarca,1900,-74.48355556,3.98697222,31.8,51.0,147.89999999999998,71.9,26.9,22.700000000000003,16.700000000000003,14.599999999999998,35.9,90.99999999999999,70.0,79.1
35020290,Cundinamarca,1900,-73.89041667,4.48652778,,,,,,,,,,46.900000000000006,,
21190310,Cundinamarca,1900,-74.32991667,4.38797222,76.60000000000001,171.00000000000003,247.8,124.00000000000001,46.0,64.8,87.4,50.50000000000001,61.2,109.19999999999999,154.20000000000002,6.6
35060240,Cundinamarca,2210,-73.60991667,4.76427778,57.3,19.5,63.5,169.00000000000003,152.79999999999998,264.4,260.4,165.0,105.2,60.199999999999996,84.6,48.7
21230090,Cundinamarca,235,-74.72927778,5.20275,71.80000000000001,211.3,185.9,192.29999999999998,132.6,62.699999999999996,42.2,16.2,129.3,182.1,203.2,0.0
35060150,Cundinamarca,2878,-73.66527778,4.70486111,127.8,86.89999999999999,215.10000000000002,327.3,,,,,,,,
21206060,Cundinamarca,2575,-74.25333333,4.71711111,10.7,7.8,44.7,45.2,20.0,23.8,39.0,28.5,6.5,,,
35050010,Cundinamarca,480,-73.34999722,4.51,225.0,72.0,82.0,505.0,320.0,534.0,493.0,348.0,366.0,306.0,325.0,119.0
35050020,Cundinamarca,426,-73.39597222,4.42322222,179.0,59.0,145.0,403.0,307.0,429.0,357.0,258.0,285.0,392.0,347.0,132.0
21205420,Cundinamarca,2543,-74.209,4.69141667,37.800000000000004,22.400000000000002,64.4,42.39999999999999,21.5,35.400000000000006,42.099999999999994,34.0,27.299999999999997,21.200000000000003,64.1,3.7
21230060,Cundinamarca,289,-74.82555556,4.39861111,177.8,52.3,114.5,102.10000000000001,115.1,11.399999999999999,12.2,15.2,78.5,161.40000000000003,104.0,11.0
23065120,Cundinamarca,20,-74.13936111,5.14155556,95.1,109.8,167.8,148.3,26.900000000000002,14.0,19.9,11.1,23.3,39.7,123.5,1.0
23060150,Cundinamarca,1836,-74.62733333,5.75827778,106.0,111.4,129.29999999999998,228.89999999999998,184.70000000000002,23.0,74.6,,115.4,201.7,,
21190350,Cundinamarca,2700,-74.35975,4.15247222,10.599999999999998,32.199999999999996,62.4,39.7,14.1,28.599999999999998,19.1,8.6,23.5,31.2,38.0,2.2
21230070,Cundinamarca,1364,-74.62283333,4.85127778,43.300000000000004,39.7,103.00000000000001,58.900000000000006,105.4,13.5,13.0,6.2,61.8,54.9,78.0,0.6
21205980,Cundinamarca,2560,-74.20091667,4.79238889,46.6,20.5,48.2,100.1,26.5,44.3,43.4,34.800000000000004,15.600000000000001,20.7,74.5,2.7
35060220,Cundinamarca,1845,-73.41977778,4.81569444,117.5,62.900000000000006,49.5,354.50000000000006,273.3999999999999,402.9,405.99999999999994,250.6,113.3,117.5,199.6,56.2
35060230,Cundinamarca,1943,-73.48905556,4.78141667,94.5,38.7,78.5,270.5,218.0,462.0,295.0,210.6,89.3,98.4,130.0,76.2
35060180,Cundinamarca,1929,-73.52858333,4.75238889,89.5,30.8,124.4,172.60000000000002,178.70000000000002,275.7,168.6,275.2,127.8,46.300000000000004,105.80000000000001,53.2
23060190,Cundinamarca,497,-74.4855,5.19608333,222.1,41.8,140.8,170.39999999999998,16.3,8.4,28.5,2.0,117.6,217.9,147.8,0.0
21201090,Cundinamarca,567,-74.54225,4.44269444,153.9,110.70000000000002,238.99999999999997,185.8,46.6,26.799999999999997,6.3999999999999995,11.5,87.0,116.0,155.7,0.5
21030080,Huila,1350,-75.94222222,1.81361111,78.0,72.0,112.0,128.0,168.0,224.0,257.0,65.0,84.0,86.0,32.0,11.0
21030060,Huila,1345,-76.02208333,1.71427778,187.0,,148.0,233.0,270.0,434.0,252.0,113.0,85.0,92.0,82.0,77.0
21040020,Huila,2210,-75.72847222,2.33402778,75.0,75.0,281.0,71.0,53.0,90.0,66.0,48.0,49.0,45.0,164.0,2.0
21040040,Huila,688,-75.65,2.23,,,,,,10.0,27.0,7.0,0.0,7.0,71.0,1.0
21100140,Huila,1380,-75.40088889,2.43480556,157.0,146.0,185.0,132.0,113.0,100.0,52.0,27.0,44.0,101.0,130.0,0.0
21100080,Huila,1525,-75.20669444,2.61527778,28.0,60.0,126.0,65.0,82.0,75.0,51.0,35.0,51.0,34.0,143.0,2.0
21110070,Huila,615,-75.05733333,3.15033333,19.0,34.0,93.0,24.0,23.0,31.0,18.0,7.0,11.0,27.0,80.0,0.0
21140010,Huila,584,-74.90397222,3.29158333,68.0,72.0,164.0,,,15.0,37.0,10.0,12.0,38.0,35.0,9.0
21140080,Huila,1049,-74.74,3.48,22.0,36.0,88.0,117.0,48.0,51.0,58.0,2.0,0.0,42.0,68.0,0.0
21020040,Huila,1017,-75.91,2.02,58.0,21.0,103.0,94.0,65.0,81.0,52.0,31.0,11.0,13.0,149.0,10.0
21020050,Huila,1046,-76.01,1.98,55.0,70.0,106.0,62.0,119.0,197.0,103.0,77.0,60.0,92.0,54.0,27.0
21060080,Huila,990,-75.60505556,2.19008333,59.0,96.0,195.0,86.0,77.0,114.0,48.0,14.0,11.0,27.0,118.0,21.0
21060040,Huila,1330,-75.54858333,2.20202778,54.0,43.0,117.0,36.0,45.0,105.0,69.0,19.0,5.0,47.0,83.0,8.0
21030110,Huila,1190,-75.68194444,2.07775,94.0,75.0,150.0,161.0,232.0,171.0,92.0,57.0,25.0,48.0,72.0,6.0
21060070,Huila,850,-75.53808333,2.38891667,16.0,81.0,87.0,36.0,30.0,70.0,29.0,25.0,27.0,37.0,108.0,16.0
21060100,Huila,1460,-75.50358333,2.31716667,40.0,119.0,163.0,152.0,86.0,121.0,76.0,38.0,32.0,52.0,163.0,5.0
21060110,Huila,721,-75.62466667,2.3215,32.0,114.0,151.0,59.0,43.0,69.0,39.0,12.0,31.0,23.0,115.0,6.0
21060090,Huila,636,-75.43552778,2.57480556,23.0,47.0,206.0,33.0,71.0,19.0,39.0,6.0,29.0,19.0,215.0,0.0
21010170,Huila,1700,-76.1725,1.90138889,99.0,215.0,268.0,151.0,150.0,310.0,287.0,74.0,25.0,50.0,64.0,62.0
21010250,Huila,20,-76.25,1.98,70.0,146.0,213.0,177.0,109.0,258.0,163.0,55.0,34.0,51.0,21.0,19.0
21010060,Huila,1763,-76.17213889,2.02083333,120.0,76.0,248.0,123.0,162.0,346.0,176.0,82.0,37.0,68.0,74.0,14.0
21050060,Huila,1500,-75.97227778,2.19905556,53.0,80.0,224.0,111.0,122.0,207.0,54.0,40.0,39.0,107.0,222.0,76.0
21050190,Huila,2220,-76.11736111,2.21805556,131.0,137.7,147.0,107.2,137.0,176.0,100.0,91.0,62.0,82.0,163.0,48.0
21050160,Huila,1745,-76.01013889,2.31705556,89.0,89.0,254.0,134.0,140.0,183.0,192.0,132.0,82.0,117.0,113.0,4.0
21050090,Huila,1545,-75.8065,2.55144444,130.0,254.0,260.0,98.0,74.0,109.0,59.0,57.0,42.0,66.0,211.0,3.0
21050170,Huila,1950,-75.75894444,2.65238889,127.0,187.0,242.0,105.0,67.0,95.0,37.0,60.0,64.0,178.0,155.0,15.0
21115020,Huila,439,-75.29305556,2.94875,41.9,93.5,152.3,85.60000000000001,12.599999999999998,9.0,8.5,4.5,9.8,22.4,132.3,0.6
21130080,Huila,800,-75.49225,3.12083333,83.0,33.0,149.0,304.0,29.0,3.0,2.0,5.0,3.0,148.0,255.0,65.0
21040030,Huila,1614,-76.10030556,2.03094444,71.0,61.0,173.0,94.0,91.0,159.0,125.0,94.0,34.0,66.0,129.0,30.0
21050150,Huila,788,-75.76,2.46,48.0,86.0,330.0,21.0,15.0,28.0,22.0,16.0,8.0,17.0,213.0,0.0
21130060,Huila,2250,-75.55919444,3.00713889,151.0,158.0,295.0,111.0,51.0,52.0,33.0,57.0,129.0,169.0,191.0,1.0
21090020,Huila,620,-75.39919444,2.85555556,103.0,75.0,245.0,65.0,9.0,5.0,7.0,5.0,12.0,38.0,159.0,3.0
21010100,Huila,1530,-76.13333333,1.72483333,94.0,99.0,127.0,148.0,198.0,219.0,273.0,96.0,47.0,53.0,118.0,17.0
21040060,Huila,805,-75.77936111,2.19936111,51.0,121.0,117.0,43.0,39.0,69.0,23.0,7.0,5.0,20.0,132.0,0.0
21010110,Huila,1265,-76.07441667,1.84491667,67.0,133.0,91.0,126.0,119.0,197.0,178.0,43.0,34.0,21.0,77.0,12.0
21010040,Huila,1334,-76.08569444,1.96147222,121.0,65.0,153.0,99.0,113.0,237.0,172.0,69.0,31.0,53.0,96.0,32.0
21010210,Huila,1674,-76.18891667,1.71380556,157.0,114.0,301.0,222.0,279.0,257.0,354.0,150.0,94.0,77.0,159.0,121.0
21110440,Huila,735,-75.23927778,2.79566667,70.0,198.0,332.0,7.0,10.0,0.0,6.0,0.0,0.0,127.0,248.0,3.0
21010220,Huila,1625,-76.185,2.06588889,142.0,101.0,238.0,254.0,70.0,239.0,214.0,120.0,20.0,86.0,122.0,45.0
21010190,Huila,1700,-76.24972222,1.84894444,64.0,126.0,167.0,95.0,90.0,174.0,152.0,77.0,21.0,44.0,77.0,21.0
21010130,Huila,1660,-76.24669444,1.81038889,55.0,159.0,288.0,126.0,144.0,239.0,226.0,88.0,40.0,37.0,134.0,18.0
21010230,Huila,1949,-76.30425,1.90580556,68.0,208.0,149.0,142.0,126.0,249.0,256.0,79.0,38.0,48.0,67.0,17.0
21010140,Huila,1940,-76.36083333,1.86438889,54.0,55.0,142.0,123.0,130.0,171.0,265.0,152.0,115.0,95.0,84.0,27.0
21015030,Huila,1800,-76.29497222,1.88847222,66.2,162.2,146.9,114.89999999999999,105.69999999999999,214.39999999999998,204.29999999999998,64.7,35.300000000000004,66.2,71.3,28.0
21010200,Huila,1800,-76.31755556,1.85030556,56.0,58.0,111.0,52.0,80.0,228.0,243.0,135.0,44.0,19.0,45.0,1.0
21010160,Huila,1724,-76.39416667,1.89944444,124.0,177.0,152.0,94.8,142.0,243.0,212.0,95.0,52.0,68.0,122.0,23.0
21040050,Huila,830,-75.82280556,2.10883333,44.0,43.0,58.0,30.0,,,36.0,20.0,9.0,22.0,65.0,0.0
21110180,Huila,591,-75.15972222,3.03602778,44.0,54.0,154.0,29.0,12.0,9.0,14.0,6.0,5.0,13.0,54.0,1.0
21110160,Huila,500,-75.19902778,3.11847222,43.0,15.0,123.0,35.0,8.0,13.0,12.0,1.0,2.0,14.0,93.0,0.0
21080080,Huila,1800,-75.632,2.79305556,149.8,103.8,163.0,163.10000000000002,88.4,61.7,21.6,31.099999999999998,6.0,68.3,103.10000000000001,7.299999999999999
21080100,Huila,1800,-75.61305556,2.77283333,290.0,283.0,,197.0,99.0,10.0,3.0,0.0,90.0,5.0,138.0,0.0
21050140,Huila,900,-75.61566667,2.51077778,112.0,124.0,165.0,0.0,,34.0,10.0,0.0,20.0,44.0,310.0,12.0
21050290,Huila,825,-75.7285,2.49127778,39.0,72.0,330.0,14.0,13.0,22.0,19.0,4.0,21.0,19.0,292.0,0.0
21110290,Huila,400,-75.17030556,3.34955556,118.0,113.0,169.0,128.0,7.0,27.0,7.0,0.0,19.0,100.0,140.0,0.0
21110120,Huila,400,-75.20077778,3.30533333,39.0,73.0,223.0,77.0,0.0,18.0,0.0,0.0,8.0,84.0,89.0,8.0
21110330,Huila,429,-75.21841667,3.18738889,15.0,39.0,134.0,42.0,5.0,15.0,8.0,1.0,8.0,30.0,99.0,0.0
21145040,Huila,440,-75.11011111,3.37336111,87.99999999999997,79.4,97.39999999999999,67.3,10.799999999999997,10.700000000000001,22.9,1.0,35.5,47.69999999999999,125.60000000000001,6.0
21115060,Huila,400,-75.18405556,3.32922222,42.10000000000001,114.39999999999999,133.5,62.3,4.7,11.8,6.0,1.5,6.199999999999999,59.400000000000006,90.4,0.0
21140100,Huila,368,-75.10463889,3.423,23.0,48.0,71.0,52.0,29.0,15.0,67.0,0.0,,122.0,130.0,0.0
21080070,Huila,650,-75.58091667,2.63691667,85.0,49.0,247.0,42.0,12.0,19.0,6.0,1.0,16.0,62.0,375.0,0.0
21080030,Huila,600,-75.52886111,2.66961111,7.0,34.0,73.0,31.0,5.0,14.0,0.0,0.0,0.0,35.0,165.0,0.0
15060020,La Guajira,93,-72.61180556,11.19738889,0.0,0.0,0.0,0.0,0.0,0.0,0.0,0.3,114.0,194.0,46.0,0.0
15060040,La Guajira,900,-72.87752778,11.03436111,0.0,0.0,0.0,0.0,0.0,0.0,0.0,90.0,201.0,242.0,251.0,0.0
15060060,La Guajira,300,-72.68466667,10.93516667,1.3,1.5,8.5,1.5,21.3,2.0,1.7,44.3,22.1,78.3,5.3,6.8
15030010,La Guajira,5,-73.31219444,11.27522222,0.0,0.0,0.0,0.0,38.0,0.0,68.0,26.0,103.0,303.0,124.0,0.0
15060050,La Guajira,420,-73.04797222,10.953,0.0,27.0,2.0,73.0,126.0,76.0,56.0,44.0,273.0,319.0,79.0,10.0
15060150,La Guajira,350,-72.79819444,10.77794444,21.0,10.0,0.0,37.0,35.0,0.0,54.0,105.0,161.0,102.0,19.0,0.0
15070160,La Guajira,85,-72.46997222,11.43775,0.0,0.0,0.0,0.0,0.0,0.0,0.0,0.0,11.0,127.0,57.0,0.0
15070130,La Guajira,2,-72.67641667,11.70947222,0.0,0.0,0.0,0.0,0.0,0.0,0.0,0.0,,45.0,7.0,0.0
15070140,La Guajira,3,-72.78675,11.65027778,0.0,0.0,0.0,0.0,0.0,0.0,0.0,0.0,1.0,0.0,20.0,0.0
15050010,La Guajira,5,-73.05272222,11.42883333,0.0,0.0,0.0,0.0,0.0,0.0,0.0,0.0,0.0,117.0,90.0,0.0
15060270,La Guajira,120,-72.72791667,11.18913889,0.0,0.0,0.0,0.0,0.0,71.0,0.0,34.0,96.0,278.0,18.0,0.0
15060010,La Guajira,10,-72.9135,11.38177778,0.0,0.0,0.0,0.0,0.0,24.0,0.0,0.0,105.0,223.0,92.0,0.0
15060080,La Guajira,230,-72.84522222,10.75777778,50.0,35.0,0.0,215.0,72.0,30.0,90.0,145.0,175.0,160.0,86.0,5.0
28010200,La Guajira,594,-73.11416667,10.86022222,0.0,62.0,0.0,96.0,202.0,37.0,36.0,224.0,148.0,280.0,107.0,10.0
15070060,La Guajira,40,-71.41588889,12.27341667,11.0,23.0,7.0,0.0,0.0,0.0,0.0,0.0,0.0,40.0,20.0,0.0
15070190,La Guajira,100,-71.51277778,12.26913889,0.0,0.0,0.0,0.0,0.0,0.0,0.0,0.0,0.0,21.0,12.0,0.0
15070070,La Guajira,65,-71.95227778,12.12636111,0.0,0.0,0.0,0.0,0.0,0.0,0.0,0.0,0.0,0.0,15.0,0.0
15070080,La Guajira,35,-71.45869444,12.21836111,18.0,2.0,14.0,0.0,0.0,0.0,0.0,0.0,1.0,15.0,29.0,0.0
15070240,La Guajira,100,-72.19061111,11.81163889,0.0,0.0,0.0,0.0,0.0,0.0,0.0,0.0,0.0,107.0,32.0,0.0
15070090,La Guajira,65,-71.81930556,12.08855556,0.0,0.0,0.0,0.0,0.0,0.0,0.0,0.0,0.0,0.0,0.0,0.0
15080010,La Guajira,5,-71.31197222,12.34530556,10.0,0.0,5.0,0.0,0.0,0.0,0.0,0.0,0.0,15.0,25.0,0.0
15080090,La Guajira,2,-71.2825,11.93427778,0.0,0.0,0.0,0.0,0.0,0.0,0.0,0.0,0.0,0.0,0.0,0.0
15085040,La Guajira,50,-71.83305556,11.68605556,0.0,0.0,0.0,0.0,0.0,0.0,0.0,0.0,1.4,5.6,9.1,0.0
15070010,La Guajira,30,-72.05019444,12.08658333,0.0,0.0,0.0,0.0,0.0,0.0,0.0,0.0,0.0,0.0,0.0,10.0
15080040,La Guajira,145,-71.3185,12.06947222,0.0,0.0,0.0,0.0,0.0,0.0,0.0,0.0,0.0,0.0,0.0,0.0
15080070,La Guajira,115,-71.51588889,11.89941667,0.0,0.0,0.0,0.0,0.0,0.0,0.0,0.0,9.0,17.0,0.0,0.0
28040150,Magdalena,140,-74.03922222,10.30805556,58.5,22.0,23.299999999999997,204.70000000000002,181.79999999999998,18.2,68.0,118.6,79.9,144.7,83.3,82.7
29060060,Magdalena,450,-74.07322222,10.65161111,0.0,,0.0,22.0,58.0,147.0,283.0,382.0,438.0,105.0,114.0,25.0
29060200,Magdalena,30,-74.18697222,10.54066667,18.0,0.0,0.0,52.0,3.0,91.0,47.0,31.0,220.0,72.0,128.0,9.0
28040360,Magdalena,100,-74.07672222,9.861,0.0,18.0,30.0,70.0,112.0,240.0,220.0,82.0,273.0,20.0,284.0,0.0
28040300,Magdalena,120,-73.85944444,9.70630556,0.0,43.0,45.0,126.0,142.0,95.0,102.0,156.0,50.0,97.0,186.0,20.0
29060340,Magdalena,1200,-74.02563889,10.77344444,5.0,0.0,10.0,274.0,160.0,109.0,222.0,183.0,426.0,342.0,168.0,4.0
29060070,Magdalena,800,-74.02680556,10.80819444,29.0,21.0,40.0,155.0,73.0,104.0,134.0,191.0,309.0,221.0,153.0,36.0
29060310,Magdalena,5,-74.25244444,10.93305556,0.0,0.0,0.0,0.0,0.0,2.0,7.0,0.0,54.0,83.0,120.0,0.0
25021040,Magdalena,25,-74.04422222,9.18805556,2.0,10.0,82.0,74.0,177.0,35.0,99.0,255.0,141.0,292.0,131.0,0.0
29050010,Magdalena,41,-74.73211111,10.34441667,0.0,90.0,31.0,125.0,141.0,76.0,102.0,119.0,175.0,203.0,63.0,3.0
29060350,Magdalena,30,-74.29858333,10.63116667,,0.0,0.0,13.0,0.0,16.4,136.0,181.0,178.4,140.0,100.2,0.0
29060030,Magdalena,20,-74.3755,10.64877778,0.0,0.0,0.0,20.0,30.0,62.0,22.0,81.0,90.0,124.0,74.0,0.0
29060150,Magdalena,20,-74.22411111,10.57366667,37.0,0.0,0.0,36.0,7.0,111.0,52.0,5.0,399.0,217.0,194.0,0.0
29060170,Magdalena,20,-74.33069444,10.68044444,0.0,10.5,0.0,44.0,12.0,47.0,70.69999999999999,32.5,34.0,33.2,133.3,0.0
29060190,Magdalena,26,-74.25538889,10.61063889,4.0,0.0,0.0,0.0,0.0,55.0,60.0,95.0,147.0,100.0,103.0,0.0
25021200,Magdalena,26,-74.07944444,9.02666667,0.0,38.0,65.0,120.0,126.0,29.0,91.0,216.0,152.0,262.0,308.0,0.0
29060560,Magdalena,50,-74.17794444,10.38444444,7.0,6.0,9.0,113.0,67.0,10.0,122.0,150.0,53.0,180.0,154.0,14.0
29060040,Magdalena,40,-74.18222222,10.52436111,12.5,9.0,0.0,34.0,7.5,94.5,69.0,37.0,220.5,57.0,132.5,4.0
29060100,Magdalena,75,-74.108,10.40275,41.0,24.0,19.0,139.0,172.0,69.0,177.0,109.0,179.0,53.0,141.0,47.0
25021620,Magdalena,80,-74.32216667,9.68377778,28.0,40.0,39.0,48.0,87.0,35.0,174.0,107.0,138.0,142.0,118.0,0.0
25021630,Magdalena,110,-74.38855556,9.80175,17.0,1.0,13.2,179.0,58.0,71.0,87.0,82.0,155.0,115.0,54.0,0.0
29020020,Magdalena,60,-74.42397222,10.32155556,0.0,,,,,,,,,,,
28040100,Magdalena,100,-74.27325,10.23369444,0.0,22.0,18.0,115.0,118.0,47.0,88.0,180.0,186.0,117.0,255.0,10.0
25021600,Magdalena,85,-74.58038889,9.8725,0.0,0.0,135.0,32.0,30.0,71.0,145.0,100.0,164.0,91.0,0.0,60.0
25021610,Magdalena,100,-74.50486111,9.68566667,15.0,65.0,5.0,126.0,23.0,41.0,60.0,96.0,51.0,100.0,22.0,49.0
29060180,Magdalena,25,-74.30627778,10.74252778,15.0,0.0,0.0,45.0,41.0,97.0,79.0,28.0,131.0,106.0,,0.0
29060270,Magdalena,25,-74.27191667,10.7225,0.3,0.0,0.0,0.0,2.0,1.0,44.0,4.0,99.9,141.0,,0.0
29060120,Magdalena,2,-74.36175,10.97622222,0.0,0.0,10.0,0.0,21.0,27.0,25.0,1.0,22.0,22.0,3.0,0.0
29060540,Magdalena,10,-74.647,10.59061111,0.0,0.0,0.0,60.0,40.0,50.0,35.0,85.0,110.0,60.0,55.0,0.0
28040140,Magdalena,140,-74.21261111,10.03305556,0.0,10.0,3.0,120.0,58.0,95.0,58.0,97.0,253.0,141.0,189.0,0.0
29050020,Magdalena,15,-74.79,10.48752778,0.0,1.2,0.0,75.19999999999999,23.6,68.9,106.30000000000001,164.4,96.4,77.1,63.400000000000006,0.0
28040320,Magdalena,135,-73.95913889,9.70275,0.0,82.0,73.0,78.0,180.0,82.0,146.0,155.0,27.0,135.0,190.0,0.0
25021500,Magdalena,35,-74.35225,9.58116667,41.0,12.0,4.0,55.0,107.0,13.0,78.0,88.0,7.0,86.0,184.0,0.0
15010020,Magdalena,30,-73.76475,11.25013056,0.0,6.0,0.0,0.0,22.0,90.0,0.0,75.0,104.0,538.0,231.0,0.0
15010300,Magdalena,45,-73.83666667,11.25638889,9.0,8.0,10.8,12.0,14.0,122.0,3.0,23.0,32.0,441.0,272.0,1.0
15010010,Magdalena,640,-74.12,11.14083333,0.0,0.0,21.2,24.2,36.7,119.1,68.9,124.3,255.4,91.9,131.9,0.8
15010040,Magdalena,20,-74.07986111,11.08536111,0.0,0.0,0.0,108.0,90.0,187.0,223.0,355.0,440.0,226.0,267.0,6.0
25021020,Magdalena,25,-74.73916667,9.43666667,0.0,7.0,3.0,59.0,84.0,40.0,76.0,87.0,73.0,142.0,76.0,11.0
25021030,Magdalena,25,-74.50194444,9.2475,1.0,0.0,105.0,133.0,188.0,120.0,97.0,279.0,195.0,295.0,227.0,1.0
29060140,Magdalena,25,-74.20644444,10.6755,10.0,0.0,0.0,0.0,3.0,26.0,26.0,9.0,129.0,76.0,108.0,0.0
29060160,Magdalena,25,-74.18947222,10.90219444,0.0,0.0,0.0,0.0,134.0,3.5,28.0,4.2,0.0,182.7,134.3,
29060550,Magdalena,20,-74.18822222,10.84513889,0.0,0.0,0.0,0.0,,,,,,,,
29060240,Magdalena,20,-74.22355556,10.70655556,0.0,0.0,0.0,0.0,0.0,75.0,0.0,0.0,67.0,172.0,149.0,0.0
29065020,Magdalena,20,-74.19972222,10.72111111,11.0,,10.0,10.0,39.5,28.4,43.5,21.900000000000002,65.9,149.7,140.6,
29060280,Magdalena,25,-74.22061111,10.90083333,0.0,0.0,0.0,0.0,0.0,17.4,11.0,0.0,7.6,200.8,74.4,0.0
35010020,Meta,525,-73.76558333,3.99463889,123.0,20.0,247.0,649.0,570.0,396.0,577.0,246.0,242.0,284.0,520.0,215.0
35100020,Meta,180,-72.79,4.28,68.0,18.0,95.0,401.0,136.0,361.0,261.0,282.0,192.0,185.0,126.0,50.0
35010060,Meta,230,-73.40055556,3.78666667,146.0,1.0,70.0,512.0,283.0,409.0,252.0,177.0,192.0,91.0,173.0,117.0
32060030,Meta,600,-73.84277778,3.79072222,289.0,100.0,352.0,717.0,603.0,493.0,705.0,311.0,334.0,464.0,577.0,240.0
35030010,Meta,1800,-73.71,4.34999722,49.7,39.699999999999996,93.5,249.1,318.0,480.0,486.0,354.0,289.70000000000005,175.1,185.49999999999997,72.60000000000001
35030020,Meta,1100,-73.64802778,4.31008333,274.0,164.0,175.0,786.0,770.0,759.0,938.0,503.0,616.0,440.0,303.0,347.0
32070060,Meta,300,-73.63333333,3.46666667,191.0,68.0,210.0,372.0,436.0,481.0,236.0,144.0,168.0,145.0,245.0,90.0
35010040,Meta,800,-73.81458333,3.92422222,259.0,143.0,386.0,676.0,775.0,811.0,677.0,386.0,421.0,644.0,866.0,368.0
35010070,Meta,525,-73.75861111,3.87833333,143.0,49.0,208.0,540.0,571.0,423.0,533.0,229.0,216.0,361.0,450.3,159.0
35120010,Meta,150,-72.07663889,4.31138889,65.0,4.0,50.0,266.0,187.0,331.0,353.0,217.0,161.0,130.0,307.0,55.0
32070020,Meta,240,-73.51666667,3.25,117.0,40.0,249.0,187.0,415.0,278.0,227.0,114.0,88.0,90.0,175.0,167.0
32070080,Meta,191,-73.22638889,3.0875,36.0,131.0,107.0,298.0,447.0,394.0,300.0,261.0,149.0,242.0,238.0,32.0
35010080,Meta,200,-73.14972222,3.79388889,84.0,20.0,37.0,391.0,219.0,358.0,313.0,187.0,106.0,118.0,88.0,115.0
32080010,Meta,230,-73.21,2.94,151.0,110.0,72.0,364.0,471.0,398.0,339.0,309.0,239.0,222.0,235.0,158.0
32070100,Meta,410,-73.89194444,3.37508333,263.0,21.0,212.0,304.0,426.0,413.0,283.0,171.0,199.0,225.0,,71.0
35010090,Meta,420,-73.70083333,3.75027778,210.0,23.0,158.0,466.0,476.0,461.0,407.0,228.0,200.0,292.0,328.0,203.0
35035020,Meta,422,-73.61757778,4.16191944,196.6,19.200000000000003,225.4,399.29999999999995,385.9,491.8999999999999,457.79999999999995,277.80000000000007,330.5,399.4,416.59999999999997,180.29999999999998
35030050,Meta,300,-73.44877778,4.09113889,60.0,27.0,57.0,228.0,94.0,,,,365.0,353.0,233.0,133.0
35020060,Meta,260,-73.368,4.03975,193.0,0.0,139.0,327.0,316.0,344.0,201.0,255.0,302.0,345.0,176.0,150.0
32070010,Meta,260,-73.75,3.2,107.0,25.0,120.0,221.0,396.0,261.0,365.0,208.0,214.0,294.0,207.1,132.0
32070040,Meta,245,-73.63,2.98,179.0,165.0,248.0,383.0,444.0,395.0,428.0,334.0,280.0,297.0,313.0,78.0
52040160,Nariño,2200,-77.13530556,1.50527778,133.2,51.1,232.2,144.29999999999998,40.199999999999996,12.100000000000001,10.8,2.5,5.3,139.8,302.9,0.0
52040060,Nariño,2568,-77.17405556,1.28730556,84.10000000000001,71.1,191.2,12.3,8.1,22.700000000000003,9.1,15.1,0.0,81.3,133.9,0.0
52045020,Nariño,1796,-77.29086111,1.39408333,59.70000000000001,41.50000000000001,174.60000000000002,160.00000000000003,23.2,10.6,28.7,7.2,3.3,119.9,168.3,13.0
52030060,Nariño,1820,-77.01497222,1.66563889,80.2,76.6,238.5,119.1,9.1,16.5,4.4,1.1,15.0,139.1,157.39999999999998,0.0
52050110,Nariño,392,-77.78711111,0.908,74.8,41.300000000000004,110.5,91.99999999999999,31.000000000000004,35.79999999999999,34.6,23.7,13.399999999999999,64.69999999999999,86.10000000000002,12.8
53020010,Nariño,50,-78.09133333,2.44188889,294.0,277.0,169.0,343.0,467.0,379.0,613.0,163.0,122.0,576.0,354.0,122.0
52050010,Nariño,1620,-77.43944444,1.45444444,62.60000000000001,73.10000000000001,107.6,72.7,32.7,5.0,16.5,0.4,1.2,120.00000000000001,150.6,16.0
52040050,Nariño,1800,-77.03052778,1.39733333,72.0,70.6,200.7,43.3,18.5,26.1,14.3,6.800000000000001,2.8,102.0,141.70000000000002,0.3
52090010,Nariño,3,-78.65833333,2.03888889,738.0,384.0,87.0,311.0,604.0,530.0,910.0,643.0,212.0,624.0,568.0,757.0
52050100,Nariño,2830,-77.58138889,0.90666667,68.69999999999999,68.1,95.29999999999998,91.1,41.4,68.9,40.79999999999999,35.6,29.0,58.8,86.5,15.4
52050090,Nariño,2550,-77.49955556,1.05525,67.6,72.6,108.19999999999999,68.00000000000001,17.3,13.2,22.9,0.0,6.7,102.3,81.9,16.1
52030090,Nariño,2248,-76.83416667,1.59527778,79.1,83.5,220.0,150.6,6.1,34.1,14.000000000000002,4.4,7.6000000000000005,76.0,143.7,0.0
52030030,Nariño,1745,-77.13266667,1.58305556,105.99999999999999,71.4,243.8,210.10000000000002,15.399999999999999,37.7,11.5,9.7,7.0,,226.99999999999997,0.0
52010060,Nariño,650,-77.21638889,1.95463889,34.0,46.0,58.0,57.0,4.0,1.0,0.0,2.0,2.0,34.0,121.3,0.0
52050140,Nariño,1480,-77.52611111,1.34805556,53.49999999999999,75.69999999999999,77.1,98.6,14.9,17.0,29.5,0.0,9.9,138.89999999999998,197.70000000000002,8.3
52050060,Nariño,364,-77.29972222,1.0995,100.0,127.0,129.0,59.0,78.0,63.0,64.0,35.0,10.0,75.0,92.0,13.0
52010140,Nariño,500,-77.42944444,1.59444444,45.4,44.1,71.60000000000001,45.2,4.2,0.0,0.0,0.0,13.2,47.4,71.0,10.3
52050120,Nariño,2817,-77.50291667,0.88825,78.60000000000001,36.8,95.49999999999999,59.4,60.0,128.40000000000003,76.3,50.0,36.9,75.8,71.4,34.9
52050020,Nariño,1700,-77.59141667,1.34144444,77.30000000000001,73.7,114.30000000000001,88.30000000000001,22.700000000000003,33.9,62.3,1.1,31.4,133.60000000000002,240.4,7.7
52045040,Nariño,1875,-77.2675,1.54916667,134.29999999999998,81.10000000000001,227.2,131.1,33.5,21.4,55.9,2.1,18.5,175.8,286.20000000000005,3.5
16055040,Norte de Santander,1430,-73.22305556,8.08722222,,,,,,,,,98.9,105.69999999999999,56.49999999999999,20.7
16050100,Norte de Santander,1498,-73.18375,8.01747222,0.0,55.9,36.8,98.9,66.3,0.0,59.0,80.8,46.2,218.0,133.4,87.6
16010020,Norte de Santander,770,-72.60138889,7.69722222,0.0,104.39999999999999,39.4,37.4,39.099999999999994,25.7,55.80000000000001,13.5,9.2,24.5,187.6,7.3
23190540,Norte de Santander,710,-73.18055556,7.65083333,9.4,89.9,70.0,176.0,145.20000000000002,20.7,146.2,46.8,191.70000000000002,110.2,180.29999999999998,0.0
37010030,Norte de Santander,2645,-72.64361111,7.27,9.0,14.0,10.0,48.0,104.0,183.2,115.0,28.0,26.0,29.0,9.0,16.0
37010020,Norte de Santander,2410,-72.66472222,7.13944444,10.399999999999999,38.2,26.9,102.10000000000001,124.30000000000001,370.40000000000003,252.2,113.10000000000002,75.4,76.39999999999999,60.0,76.2
16015010,Norte de Santander,250,-72.50916667,7.93027778,14.799999999999999,83.4,74.69999999999999,104.10000000000001,19.5,49.300000000000004,55.1,15.599999999999998,,,,
16020130,Norte de Santander,74,-72.52630556,8.2455,129.0,172.0,97.0,172.0,166.0,13.0,139.0,119.0,408.0,197.0,302.0,144.0
16010060,Norte de Santander,87,-72.43222222,8.20194444,115.0,173.0,106.0,320.0,57.0,31.0,121.0,252.0,349.0,252.0,281.0,96.0
16010040,Norte de Santander,72,-72.36833333,8.18555556,42.0,176.0,484.0,416.0,158.0,53.0,247.0,,,,2.0,92.9
16020080,Norte de Santander,1280,-72.77277778,7.53416667,37.4,78.0,111.6,188.60000000000002,89.60000000000001,30.299999999999997,64.2,46.4,99.0,86.2,227.39999999999995,15.799999999999999
23190510,Norte de Santander,300,-73.3275,7.59555556,118.0,230.0,266.0,211.0,253.0,13.0,39.0,123.0,103.0,169.0,218.0,54.0
16020110,Norte de Santander,2875,-72.71833333,7.31694444,16.8,61.49999999999999,92.9,107.69999999999999,103.3,230.1,147.6,59.6,70.5,60.7,81.79999999999998,68.0
16015020,Norte de Santander,2340,-72.645,7.37311111,26.200000000000003,17.2,91.6,72.49999999999999,46.3,68.80000000000001,75.1,41.2,42.5,48.900000000000006,118.29999999999998,29.800000000000004
16015030,Norte de Santander,1760,-72.53388889,7.56972222,20.4,56.8,42.0,61.099999999999994,71.8,71.2,113.19999999999999,117.50000000000001,68.80000000000001,62.5,149.00000000000003,15.299999999999999
16035030,Norte de Santander,320,-72.80305556,8.07666667,36.7,150.89999999999998,126.6,,,,,,,,,11.299999999999999
37010080,Norte de Santander,2650,-72.71277778,7.19833333,3.9,26.5,44.8,75.3,117.5,116.10000000000001,22.599999999999998,23.5,18.200000000000003,11.600000000000001,7.1000000000000005,17.2
16060010,Norte de Santander,75,-72.79166667,8.83472222,147.0,78.0,57.0,99.0,257.0,46.0,170.0,103.0,208.0,533.0,263.0,38.0
16070040,Norte de Santander,150,-72.90944444,8.64111111,112.0,338.0,44.0,249.0,379.0,107.0,226.0,289.0,275.0,319.0,407.0,93.0
16070010,Norte de Santander,50,-72.89694444,8.99805556,121.0,102.0,,,0.0,182.0,366.0,221.0,340.0,589.0,576.0,169.0
37020030,Norte de Santander,1660,-72.30027778,7.09888889,386.0,278.0,509.0,588.0,659.0,1085.0,851.0,702.0,391.0,164.0,591.0,188.0
37035010,Norte de Santander,370,-72.11583333,7.00611111,199.0,198.2,301.3,457.9,441.00000000000006,583.3,606.3999999999999,560.6999999999999,414.8,245.7,468.7,284.1
16010010,Norte de Santander,522,-72.47777778,7.81777778,15.0,107.0,57.0,28.0,33.0,13.0,39.0,11.0,,,65.0,2.0
44010030,Putumayo,1400,-76.68083333,1.2025,337.8,244.60000000000002,330.3,359.2,444.90000000000003,842.8,533.0,289.29999999999995,229.10000000000002,187.2,274.4,263.6
44010090,Putumayo,500,-76.58419444,1.2805,263.0,180.0,234.0,309.0,297.0,387.0,426.0,187.0,175.0,262.0,220.0,112.0
47010110,Putumayo,300,-76.60516667,0.68591667,579.0,298.4,553.5,297.5,275.40000000000003,356.8,327.80000000000007,139.89999999999998,211.3,232.39999999999998,495.90000000000003,213.6
44010080,Putumayo,500,-76.44136111,0.96155556,426.0,311.0,593.0,549.0,413.0,460.0,465.0,,,,,179.6
47010050,Putumayo,2100,-76.93025,1.13405556,285.6,105.19999999999999,225.2,305.40000000000003,304.3,1019.8000000000001,579.7,392.29999999999995,105.6,162.8,187.70000000000002,106.90000000000002
47010090,Putumayo,2140,-76.88338889,1.17894444,289.0,184.0,198.0,228.0,322.0,398.0,384.0,173.0,97.0,174.0,202.0,115.0
47010180,Putumayo,30,-76.845,1.14541667,412.90000000000003,312.0,323.2,375.5,564.3,1439.2,752.0999999999998,528.3,152.6,279.70000000000005,355.9,214.19999999999996
26120170,Quindío,1685,-75.70627778,4.33275,46.0,99.0,237.0,178.0,59.0,28.0,36.0,10.0,46.0,240.0,288.0,16.0
26140090,RIsaralda,1609,-75.86277778,5.16705556,71.0,67.0,199.0,121.0,107.0,55.0,97.0,52.0,76.0,178.0,132.0,31.0
26140110,RIsaralda,2173,-75.78766667,5.31786111,203.0,245.0,285.0,236.0,297.0,86.0,128.0,69.0,134.0,300.0,259.0,18.0
26140180,RIsaralda,922,-75.88277778,4.8925,134.0,90.0,155.0,161.0,139.0,43.0,128.0,23.0,116.0,171.0,169.0,10.0
26130200,RIsaralda,1587,-75.74166667,4.96241667,311.0,182.0,290.0,668.0,979.0,470.0,388.0,321.0,532.0,658.6,867.0,113.0
26140120,RIsaralda,1483,-75.87272222,5.29425,101.0,87.0,206.0,123.0,140.0,83.0,97.0,60.0,34.0,151.0,79.0,38.0
26135040,RIsaralda,1199,-75.73722222,4.81586111,70.5,193.60000000000002,200.1,191.59999999999997,134.00000000000003,34.1,99.4,101.60000000000002,82.7,373.2999999999999,184.7,31.700000000000003
26130220,RIsaralda,121,-75.84305556,4.81216667,92.0,66.0,192.0,252.0,135.0,32.0,95.0,39.0,121.0,180.8,122.0,19.0
26130180,RIsaralda,1196,-75.85833333,4.80097222,65.0,41.0,182.0,211.0,141.0,30.0,103.0,10.0,104.0,222.0,119.0,26.0
26170260,RIsaralda,797,-75.66497222,5.28105556,65.0,66.0,127.0,159.0,121.0,21.0,38.0,29.0,30.0,80.0,96.0,70.0
26130170,RIsaralda,2134,-75.55805556,4.88555556,23.299999999999997,136.79999999999995,196.0,176.0,181.99999999999997,52.0,29.2,71.3,70.69999999999999,155.1,247.9,84.39999999999999
26130020,RIsaralda,21,-75.55805556,4.84416667,40.9,125.19999999999999,283.6,257.0,82.30000000000001,73.5,58.7,68.69999999999999,109.4,287.40000000000003,476.09999999999997,103.0
17015010,"Archipiélago de San Andres, Providencia y Santa Catalina",1,-81.73096944,12.54218333,79.5,30.6,92.6,14.2,54.5,23.200000000000003,,89.60000000000001,280.9,233.4,232.79999999999998,48.8
24040050,Santander,1300,-73.20277778,6.64444444,33.0,48.0,179.0,99.0,63.0,47.0,55.0,98.0,88.0,119.0,134.0,22.0
23155030,Santander,126,-73.80861111,7.02638889,221.00000000000003,41.599999999999994,161.79999999999998,396.59999999999997,186.4,79.00000000000001,139.10000000000002,190.49999999999997,281.3,398.3,361.30000000000007,69.69999999999999
23130010,Santander,100,-74.03138889,6.87777778,159.4,101.5,139.0,343.2,322.0,112.6,131.39999999999998,168.6,262.1,371.5,491.09999999999997,49.400000000000006
23190590,Santander,925,-73.12388889,7.09027778,26.599999999999998,67.80000000000001,122.40000000000002,46.4,151.8,38.5,73.1,153.9,67.9,8.8,65.19999999999999,3.7
24040060,Santander,630,-73.27611111,6.60611111,60.1,144.6,189.69999999999996,205.9,76.8,25.499999999999996,40.3,127.60000000000001,138.1,113.39999999999999,101.0,39.2
24035260,Santander,1160,-72.69661111,6.52072222,21.6,14.899999999999999,47.1,165.3,30.7,15.000000000000002,22.400000000000002,44.39999999999999,90.39999999999999,95.0,51.1,36.9
24030320,Santander,224,-72.63,6.6275,14.899999999999999,53.00000000000001,56.1,117.5,75.5,44.0,50.8,59.30000000000001,44.0,105.19999999999999,85.8,9.4
24030680,Santander,2394,-72.59083333,6.65333333,14.600000000000001,55.9,63.8,143.7,101.80000000000001,61.0,68.0,78.3,54.3,151.1,108.3,11.8
24030300,Santander,600,-72.975,6.75305556,11.0,47.0,70.0,51.0,9.0,31.0,8.0,69.0,53.0,46.0,148.0,14.0
24030210,Santander,2440,-72.69722222,6.83611111,5.0,29.8,96.0,116.8,45.00000000000001,30.599999999999998,56.099999999999994,40.400000000000006,78.6,138.7,141.0,8.6
24025050,Santander,1350,-73.15055556,6.27416667,169.6,113.3,253.6,313.8,176.60000000000002,70.8,198.90000000000006,301.59999999999997,194.59999999999997,382.00000000000006,148.3,89.9
24015260,Santander,190,-73.36833333,6.355,151.7,227.59999999999997,264.3,275.1,181.5,98.4,163.79999999999998,208.3,294.8,252.3,220.89999999999998,32.2
23120010,Santander,140,-73.89972222,6.4125,314.0,288.0,188.0,176.0,347.0,207.0,182.0,285.0,361.0,440.0,214.0,133.0
23120200,Santander,118,-74.0825,6.53388889,71.4,171.1,119.3,226.29999999999998,223.20000000000002,211.1,122.3,114.9,186.9,291.8,296.9,115.4
37010050,Santander,3168,-72.55611111,6.81027778,17.0,74.0,47.0,144.0,163.0,352.0,224.0,221.1,108.0,129.0,109.0,89.0
24010230,Santander,1523,-73.23972222,6.35527778,105.19999999999999,70.89999999999999,361.40000000000003,257.9,135.60000000000002,57.0,149.20000000000002,242.8,262.8,292.0,125.2,50.7
24020120,Santander,1520,-73.04472222,6.29944444,65.60000000000001,154.0,230.3,315.0,126.90000000000002,31.600000000000005,90.6,139.39999999999998,106.6,283.8,203.19999999999996,160.70000000000002
24020220,Santander,2625,-72.96458333,6.15272222,159.0,97.0,473.0,483.0,33.0,23.0,2.0,,,73.4,,
24020130,Santander,1626,-73.05611111,6.59825,34.699999999999996,46.0,35.8,134.10000000000002,145.00000000000003,156.2,113.00000000000001,186.99999999999997,78.4,105.69999999999999,127.20000000000002,38.4
23140070,Santander,183,-73.61638889,6.77194444,71.1,97.5,135.60000000000002,206.29999999999998,168.8,50.9,153.0,147.7,224.39999999999998,109.2,133.6,48.2
23190140,Santander,500,-73.20138889,7.46472222,93.3,170.29999999999998,246.09999999999997,136.0,129.0,44.10000000000001,88.19999999999999,90.8,88.89999999999999,70.69999999999999,267.1,32.8
24020040,Santander,1814,-73.09805556,6.13833333,192.90000000000003,248.1,487.20000000000005,403.3,139.8,34.699999999999996,82.2,135.1,127.30000000000001,386.19999999999993,246.69999999999996,132.0
24010850,Santander,2100,-73.38383333,5.868,123.6,96.80000000000001,221.90000000000003,,124.60000000000001,54.4,25.7,98.60000000000001,66.5,218.00000000000003,162.3,28.7
23190600,Santander,1280,-73.23027778,6.9975,20.0,93.0,138.0,42.0,79.0,31.0,55.0,102.0,58.0,33.0,104.0,0.0
23195110,Santander,777,-73.16722222,7.02555556,39.7,64.5,150.29999999999998,34.8,111.29999999999998,21.7,,119.50000000000001,42.699999999999996,42.8,54.800000000000004,13.7
24030630,Santander,2927,-72.82166667,6.96027778,14.399999999999999,105.1,140.6,214.40000000000003,71.10000000000001,48.099999999999994,56.800000000000004,52.7,88.80000000000001,148.00000000000003,174.1,38.8
37010060,Santander,3824,-72.80444444,7.02777778,10.3,13.2,54.7,100.9,72.4,121.6,158.90000000000003,45.1,81.3,108.60000000000001,115.7,58.9
24015250,Santander,1400,-73.41538889,6.23716667,183.10000000000002,265.1,212.29999999999995,323.3,330.3,129.70000000000002,292.29999999999995,265.69999999999993,318.5,323.79999999999995,340.00000000000006,14.6
23120220,Santander,2590,-73.91333333,5.87083333,107.4,42.099999999999994,123.80000000000001,337.6,224.8,114.0,139.8,288.8,123.19999999999999,124.2,175.10000000000002,11.2
23125130,Santander,935,-73.80888889,6.22138889,102.0,66.0,305.0,,359.0,256.0,324.0,207.0,197.0,212.0,256.0,29.0
23190440,Santander,825,-73.29972222,7.205,30.099999999999998,100.5,115.2,145.5,326.5,27.2,68.0,84.7,163.4,119.8,155.3,6.7
23190380,Santander,855,-73.21788889,7.21108333,19.400000000000002,132.6,170.39999999999998,92.40000000000002,83.1,21.4,55.300000000000004,77.2,92.1,65.4,97.8,2.7
24060050,Santander,1460,-73.09277778,6.75916667,10.9,24.700000000000003,45.8,61.9,57.3,40.7,62.4,89.0,39.7,73.8,70.3,16.1
24030290,Santander,1856,-72.58136111,6.49394444,27.5,52.5,64.4,215.7,45.800000000000004,21.300000000000004,69.0,77.6,48.7,116.39999999999999,64.3,25.2
23190340,Santander,996,-73.06472222,7.21333333,3.0,69.0,187.20000000000002,43.900000000000006,65.6,17.400000000000002,26.899999999999995,32.0,60.099999999999994,57.7,50.900000000000006,17.0
24025040,Santander,1673,-72.96888889,6.47,65.1,161.50000000000003,168.20000000000002,385.2,213.10000000000002,136.6,242.9,178.8,143.8,261.8,171.6,44.900000000000006
24030340,Santander,2150,-72.81138889,6.67166667,37.7,55.7,159.0,251.89999999999998,80.3,23.7,40.4,123.0,105.2,131.1,176.5,24.0
24010240,Santander,1400,-73.30333333,6.2625,92.7,208.20000000000002,246.79999999999998,372.4,160.1,90.8,223.29999999999998,121.69999999999999,176.10000000000002,269.59999999999997,159.8,45.099999999999994
24030850,Santander,2500,-72.78119444,6.23258333,50.4,43.599999999999994,51.6,210.89999999999998,29.1,27.8,21.1,111.6,138.8,135.39999999999998,102.89999999999999,40.8
24030370,Santander,380,-72.83483333,6.1885,85.3,72.8,137.79999999999998,172.6,13.9,9.799999999999999,31.3,52.6,46.0,101.29999999999998,68.69999999999999,13.8
23190700,Santander,10,-73.06777778,6.99333333,86.5,136.89999999999998,145.49999999999997,46.50000000000001,271.9,40.2,113.80000000000001,257.2,66.4,88.19999999999999,95.6,12.399999999999999
24025020,Santander,975,-73.19916667,6.53222222,39.699999999999996,69.7,260.90000000000003,279.70000000000005,69.8,57.60000000000001,101.19999999999999,262.5,178.0,121.70000000000002,88.80000000000001,25.2
23180120,Santander,170,-73.91916667,7.22277778,150.0,9.0,37.0,462.0,485.0,339.0,255.0,158.0,318.0,394.0,278.0,19.0
23180100,Santander,98,-73.80083333,7.78333333,5.0,30.0,42.0,225.0,169.0,75.0,152.0,172.0,246.0,420.0,135.0,20.0
23180110,Santander,105,-73.82527778,7.58611111,24.0,55.0,79.0,328.0,256.0,116.0,104.0,186.0,176.0,162.0,343.0,7.0
23190350,Santander,778,-73.19536111,7.24013889,10.2,139.60000000000002,182.79999999999998,110.9,78.9,29.7,40.7,100.0,94.3,50.4,78.40000000000002,4.3
23190360,Santander,800,-73.165,7.32805556,112.89999999999999,250.20000000000002,314.2,73.80000000000001,175.9,21.8,33.5,118.2,70.89999999999999,155.0,190.7,46.9
24060040,Santander,132,-73.54805556,7.26416667,185.0,284.0,187.0,366.0,462.0,124.0,181.0,40.0,501.0,282.0,327.0,
23180050,Santander,98,-73.59805556,7.54138889,71.0,94.0,173.0,323.0,325.0,119.0,206.0,109.0,272.0,236.0,215.0,10.0
23180040,Santander,110,-73.48277778,7.45277778,179.0,142.0,151.0,435.0,320.0,,,,316.0,231.0,179.0,7.0
23180080,Santander,90,-73.67833333,7.48944444,65.0,76.0,165.0,357.0,227.0,96.0,152.0,115.0,356.0,196.0,304.0,1.0
24060080,Santander,161,-73.49083333,7.27027778,143.0,289.0,106.0,253.0,395.0,146.0,207.0,105.0,505.0,213.0,299.0,31.0
23180070,Santander,144,-73.48944444,7.39,167.4,78.60000000000001,157.5,504.29999999999995,269.4,106.2,160.9,99.0,463.8,253.4,275.19999999999993,9.6
23190560,Santander,84,-73.55972222,7.57444444,93.19999999999999,69.0,57.9,187.6,387.09999999999997,36.1,195.70000000000002,72.4,231.4,283.2,245.79999999999998,26.2
23185010,Santander,328,-73.53722222,7.45611111,251.2,101.80000000000001,105.39999999999999,332.90000000000003,289.7,156.1,177.3,124.69999999999999,322.2,142.5,355.79999999999995,22.1
24030270,Santander,1702,-72.84416667,6.83,18.900000000000002,32.300000000000004,103.4,186.4,43.5,30.300000000000004,33.0,56.6,65.5,147.2,152.5,60.8
24030200,Santander,20,-72.87383333,6.42641667,6.7,87.1,126.60000000000001,30.2,10.4,13.799999999999999,14.9,28.6,28.8,28.1,42.6,10.0
24050110,Santander,216,-73.63222222,6.91194444,106.60000000000001,97.1,179.20000000000002,187.3,176.70000000000002,65.60000000000001,80.60000000000002,75.4,226.0,219.4,220.10000000000002,11.1
24050070,Santander,150,-73.52055556,7.12716667,149.8,139.89999999999998,90.7,417.20000000000005,480.70000000000005,85.4,75.0,151.7,435.8,363.79999999999995,198.99999999999997,106.3
24050060,Santander,721,-73.41083333,6.87277778,153.0,62.0,150.0,148.0,155.0,71.0,66.0,124.0,95.0,77.0,70.0,34.0
24030330,Santander,250,-72.93166667,6.93972222,7.5,93.9,94.10000000000001,153.1,121.90000000000002,51.99999999999999,72.4,134.7,71.60000000000001,145.6,173.4,20.699999999999996
24010660,Santander,150,-73.33388889,6.44361111,99.0,128.0,230.0,464.0,90.0,28.0,203.0,133.0,259.0,170.0,179.0,35.0
24010650,Santander,1502,-73.34166667,6.15138889,108.8,161.20000000000002,272.7,316.29999999999995,247.20000000000002,201.6,376.70000000000005,317.79999999999995,226.8,276.20000000000005,323.2,39.3
24010760,Santander,1660,-73.44138889,6.099,77.60000000000001,85.89999999999999,105.39999999999999,276.59999999999997,268.7,88.4,298.3,158.0,174.10000000000002,277.59999999999997,261.9,69.39999999999999
24010670,Santander,2270,-73.79638889,5.91972222,117.7,69.9,140.5,517.5,174.3,174.3,298.5,89.2,99.8,243.60000000000002,186.79999999999998,185.79999999999998
37015020,Santander,3214,-72.86861111,7.18694444,3.4000000000000004,38.0,35.70000000000001,65.29999999999998,48.599999999999994,89.8,69.69999999999999,27.299999999999997,49.39999999999999,64.8,46.99999999999999,16.2
23190300,Santander,3310,-72.96638889,7.11,7.5,64.4,106.5,229.39999999999998,87.2,68.9,49.699999999999996,32.8,50.10000000000001,191.80000000000004,224.5,32.7
23190130,Santander,1910,-72.97055556,7.19611111,34.9,94.4,203.39999999999998,192.3,34.9,11.0,14.4,1.7,30.9,99.39999999999999,87.20000000000002,13.5
24020080,Santander,1300,-73.14277778,6.44111111,27.7,109.30000000000001,187.0,381.80000000000007,187.39999999999998,79.8,149.59999999999997,246.8,211.89999999999998,191.39999999999998,92.19999999999999,52.1
24015270,Santander,2170,-73.67277778,5.99722222,,,,,,60.5,195.60000000000002,152.7,89.4,172.6,134.1,43.9
23190450,Santander,3220,-72.87833333,7.30888889,20.2,39.2,77.0,188.5,56.699999999999996,49.3,108.80000000000001,12.4,6.5,87.2,135.4,45.2
24050100,Santander,815,-73.27988889,6.70725,44.0,78.0,92.0,168.0,118.0,89.0,28.0,107.0,119.0,166.0,194.0,50.0
24055030,Santander,1810,-73.28275,6.79277778,5.5,28.200000000000003,38.5,81.0,101.6,43.300000000000004,84.3,135.60000000000002,126.7,83.0,188.4,17.8
25020990,Sucre,80,-75.19027778,9.17833333,12.0,45.0,100.0,164.0,103.0,13.0,96.0,173.0,137.0,133.0,73.0,40.0
25020190,Sucre,200,-75.12916667,9.43194444,18.8,33.7,75.10000000000001,46.800000000000004,157.70000000000002,25.9,83.59999999999998,205.39999999999998,161.9,26.7,75.8,11.4
25020820,Sucre,50,-74.69972222,8.60277778,36.0,0.0,90.0,64.0,227.0,220.0,104.0,148.0,232.0,297.0,157.0,47.0
25020750,Sucre,60,-75.16888889,9.01138889,14.0,37.0,41.0,47.0,42.0,78.0,136.0,185.1,104.0,217.0,113.0,20.0
25020740,Sucre,20,-75.01472222,8.62916667,0.0,0.0,69.0,26.0,195.0,167.0,101.0,315.0,192.0,284.0,53.0,
13090030,Sucre,1,-75.60055556,9.91027778,0.0,1.8,0.9,55.3,22.0,14.9,7.8,39.1,66.39999999999999,255.89999999999998,368.4,320.0
13090110,Sucre,50,-75.41833333,9.8175,1.5,0.0,21.6,159.89999999999998,93.3,84.8,276.8,223.4,210.2,190.2,174.5,169.0
13090010,Sucre,1,-75.43277778,9.82888889,0.0,0.0,0.0,102.0,38.0,83.0,118.0,75.0,236.0,121.0,219.0,43.0
13090020,Sucre,55,-75.53805556,9.75416667,29.900000000000002,15.9,0.0,10.3,34.599999999999994,164.4,113.7,12.6,0.0,47.6,61.1,87.69999999999999
25021360,Sucre,20,-74.71194444,8.92472222,28.0,24.0,48.0,45.0,164.0,162.0,71.0,331.0,215.0,242.0,133.0,14.0
25021370,Sucre,20,-74.70805556,8.88166667,2.0,11.0,30.0,28.0,109.0,121.0,74.0,286.0,181.0,255.0,185.0,40.0
13090100,Sucre,20,-75.46861111,9.48583333,12.0,0.0,16.0,134.0,144.0,12.0,114.0,192.0,41.0,157.0,219.0,29.0
13090050,Sucre,60,-75.44,9.438,1.0,0.0,2.0,68.0,101.5,42.0,109.0,185.0,164.0,134.0,64.0,36.0
21140120,Tolima,1400,-74.92025,3.42586111,63.0,174.0,250.0,63.0,41.0,50.0,42.0,8.0,11.0,79.0,143.0,10.0
21250450,Tolima,389,-74.88247222,5.05302778,90.0,52.0,213.0,178.0,71.0,48.0,,8.0,52.0,125.0,162.0,7.0
22050040,Tolima,468,-75.37916667,3.92805556,116.6,78.6,217.69999999999996,95.7,42.4,14.1,11.2,13.7,17.0,255.39999999999998,228.69999999999996,
22020040,Tolima,1737,-75.5875,3.28580556,91.0,157.0,277.0,54.0,30.0,11.0,13.0,0.0,0.0,207.0,205.0,
22050070,Tolima,1679,-75.48744444,3.42638889,138.0,158.0,241.0,273.0,92.0,0.0,5.0,1.0,12.0,227.0,363.0,
21190290,Tolima,321,-74.71311111,4.16102778,99.0,101.0,330.0,171.0,80.0,6.0,0.0,23.0,54.0,254.0,278.0,27.0
22060080,Tolima,976,-75.54855556,3.76638889,,,,,,2.0,90.0,0.0,313.0,280.0,327.0,
22050030,Tolima,384,-75.19563889,3.79547222,119.7,33.1,155.6,124.0,98.0,73.6,17.3,0.4,52.7,240.0,,
21160030,Tolima,448,-74.68761111,4.06638889,155.0,117.0,238.0,134.0,26.0,5.500000000000001,2.0,3.5,86.5,148.5,157.5,19.9
21160160,Tolima,1388,-74.79972222,3.62055556,106.19999999999999,102.2,335.3,93.0,29.8,25.700000000000003,33.2,0.0,31.1,79.89999999999999,237.6,1.8
23010020,Tolima,1670,-75.04891667,5.15838889,74.0,,422.0,383.0,59.0,177.0,0.0,17.0,8.0,7.0,,
21180160,Tolima,319,-74.8415,4.05594444,107.0,52.0,183.0,277.0,62.0,80.0,0.0,0.0,92.0,77.0,180.0,28.0
23010080,Tolima,2508,-74.74958333,5.20141667,103.9,54.2,93.4,148.10000000000002,40.6,8.3,17.0,0.0,71.0,54.4,90.89999999999999,
21210220,Tolima,2200,-75.32566667,4.58011111,22.000000000000004,56.19999999999999,87.0,123.5,111.5,97.5,83.5,46.7,89.4,144.3,,
21210120,Tolima,1965,-75.23941667,4.49091667,,,,,,,,,,164.79999999999995,135.0,1.0
21210020,Tolima,1765,-75.32163889,4.55630556,24.7,74.80000000000001,102.69999999999999,146.1,203.1,78.3,92.3,48.3,186.49999999999997,143.70000000000005,101.39999999999999,8.0
21250500,Tolima,1649,-75.07586111,4.92188889,135.0,206.0,253.2,253.0,152.0,34.2,28.0,12.4,52.5,,,
21135030,Tolima,415,-75.109,3.57383333,226.6,78.89999999999999,117.10000000000001,24.8,13.099999999999998,6.2,2.1,1.1,51.5,18.2,198.19999999999996,0.1
21130180,Tolima,500,-75.15088889,3.45361111,98.0,14.0,132.0,94.0,0.0,1.0,4.0,1.0,7.0,54.0,126.0,10.0
22060090,Tolima,450,-75.33005556,3.81541667,132.0,122.0,224.0,226.1,63.0,57.0,27.0,5.0,69.0,,,
22060070,Tolima,388,-75.21994444,3.93916667,146.0,171.99999999999997,177.6,223.10000000000002,45.0,63.5,17.0,0.0,41.5,,,
22020030,Tolima,1476,-75.67402778,3.092,68.0,101.0,240.0,110.0,31.0,112.0,30.0,16.0,11.0,116.0,143.0,
21160080,Tolima,337,-74.90088889,3.75380556,97.7,238.2,206.5,194.89999999999998,133.9,44.699999999999996,14.3,0.5,76.60000000000001,71.5,185.70000000000002,16.4
21160170,Tolima,140,-74.79083333,3.70933333,127.0,192.0,371.0,205.0,68.0,94.0,41.0,17.0,68.0,175.0,189.0,25.0
21160050,Tolima,827,-74.84297222,3.67172222,119.0,144.0,407.0,172.0,66.0,40.0,109.0,15.0,81.0,105.0,236.0,2.0
21165030,Tolima,394,-74.77152778,3.89791667,202.9,155.50000000000003,245.1,190.59999999999997,83.0,124.2,8.5,18.0,112.9,165.1,158.29999999999998,12.5
22010010,Tolima,1620,-75.81541667,3.28783333,56.5,84.3,130.1,128.60000000000002,124.0,74.2,145.5,45.8,26.1,,,
22070010,Tolima,2581,-75.60775,4.00663889,124.6,14.8,110.30000000000001,126.4,100.3,110.19999999999999,47.69999999999999,13.699999999999998,61.4,137.0,112.50000000000001,
22070030,Tolima,2606,-75.49952778,4.12455556,78.4,221.3,351.5,158.10000000000002,110.8,175.0,202.2,0.0,26.5,,,
22075030,Tolima,253,-75.41558333,4.20677778,206.5,58.8,172.50000000000003,89.0,125.99999999999999,103.7,155.1,13.799999999999999,72.4,182.29999999999998,150.5,7.8999999999999995
21180040,Tolima,848,-75.2425,4.2425,174.0,129.0,270.0,190.0,116.0,38.0,44.0,1.0,71.0,235.0,219.0,9.0
22050090,Tolima,324,-75.02119444,3.92313889,130.0,69.0,178.0,190.0,154.0,86.0,4.0,3.0,222.0,110.0,273.0,
21245140,Tolima,2288,-75.09445556,4.71186111,167.1,82.2,289.29999999999995,132.4,90.60000000000001,110.2,60.10000000000001,12.5,81.7,171.99999999999997,169.9,19.5
21255110,Tolima,2817,-75.13183333,4.70175,97.9,38.4,201.7,115.80000000000001,63.9,75.6,65.4,16.5,85.39999999999999,122.60000000000002,96.7,18.2
21170040,Tolima,849,-74.82244444,3.91213889,273.0,506.0,610.0,438.0,35.0,65.0,70.0,35.0,66.0,122.0,572.0,75.0
21180210,Tolima,582,-75.11288889,4.19197222,156.0,102.0,228.0,285.0,122.0,10.0,4.0,1.0,45.0,228.0,109.0,13.0
21250460,Tolima,430,-74.91775,4.66380556,70.0,69.0,171.0,254.0,170.0,45.0,141.0,12.0,56.0,214.0,,
21160070,Tolima,136,-74.60927778,3.93291667,79.0,172.0,322.0,175.0,31.0,58.0,30.0,15.0,53.0,124.0,58.0,12.0
26120150,Valle del Cauca,1261,-75.78630556,4.67647222,47.4,98.89999999999999,109.80000000000001,145.29999999999998,129.2,17.6,62.800000000000004,9.0,53.5,32.4,234.20000000000002,9.9
26100700,Valle del Cauca,1314,-76.10080556,4.08725,79.4,55.4,109.1,253.00000000000003,62.6,42.3,17.1,1.7000000000000002,73.0,202.9,83.60000000000001,0.0
26110150,Valle del Cauca,960,-75.99,4.79,74.9,54.0,128.29999999999998,107.7,121.10000000000001,,97.9,43.0,54.699999999999996,185.9,75.6,15.0
26110040,Valle del Cauca,972,-76.19044444,4.34294444,36.0,23.0,87.0,81.0,16.0,3.0,83.0,22.0,18.0,46.0,77.0,0.0
54030020,Valle del Cauca,1179,-76.35341667,4.35691667,11.0,68.0,43.0,46.0,21.0,4.0,66.0,19.0,26.0,74.0,136.0,31.0
53115010,Valle del Cauca,28,-76.99238889,3.82011111,,,,,,,210.3,564.2,374.50000000000006,574.0999999999999,496.9,448.8
53090040,Valle del Cauca,21,-77.06777778,3.67961111,643.0,766.0,703.0,1136.0,1200.0,868.0,884.0,912.0,1333.0,1503.0,1340.0,615.0
54070030,Valle del Cauca,13,-77.20572222,4.16922222,357.0,497.0,473.0,308.0,487.0,329.0,520.0,602.0,559.0,436.0,558.0,326.0
53090030,Valle del Cauca,31,-77.20822222,3.47969444,65.0,593.0,672.0,704.0,2200.0,914.0,544.0,1580.0,1835.0,645.0,598.0,231.0
53080010,Valle del Cauca,21,-77.25925,3.26066667,,343.0,,,,,,,,,,
26100770,Valle del Cauca,1382,-76.04252778,4.11430556,131.0,96.0,216.0,185.0,47.0,80.0,65.0,21.0,186.0,143.0,174.0,4.0
26100410,Valle del Cauca,1191,-76.05638889,4.17188889,77.0,83.0,162.0,138.0,52.0,42.0,40.0,26.0,98.0,70.0,126.0,1.0
26100070,Valle del Cauca,964,-76.14730556,4.22380556,53.0,47.0,155.0,168.0,25.0,6.0,33.0,18.0,41.0,84.0,94.0,5.0
26120120,Valle del Cauca,124,-75.83483333,4.33155556,177.1,20.8,226.5,196.6,2.9,9.7,47.2,5.0,81.3,200.09999999999997,111.4,14.0
26100830,Valle del Cauca,940,-75.96166667,4.68841667,61.0,102.0,114.0,172.0,36.2,16.0,128.0,48.0,72.0,109.0,244.0,16.0
53110020,Valle del Cauca,368,-76.75861111,3.78197222,,,,,,,,39.0,,,,
53110030,Valle del Cauca,1601,-76.71527778,3.63305556,34.0,34.0,47.0,71.0,92.0,31.0,25.0,26.0,23.0,40.0,63.0,15.0
53100040,Valle del Cauca,1523,-76.70888889,3.52625,55.0,48.0,53.0,169.0,169.0,31.0,36.0,28.0,26.0,85.0,112.0,54.0
26090460,Valle del Cauca,1305,-76.19972222,3.64972222,93.0,49.0,308.0,85.0,58.0,10.0,9.0,0.0,60.0,179.0,144.0,67.0
26095080,Valle del Cauca,2628,-76.07477778,3.72997222,53.8,50.4,151.6,69.8,39.6,15.7,26.6,4.1,22.9,69.0,110.0,
54030030,Valle del Cauca,1196,-76.35222222,4.49572222,10.0,13.0,97.0,18.0,2.0,3.0,23.0,0.0,40.0,91.0,131.0,46.0
26100690,Valle del Cauca,2132,-76.10055556,3.87894444,55.0,58.0,137.0,114.0,45.0,15.0,10.0,0.0,26.0,119.0,102.0,4.0
26100800,Valle del Cauca,2507,-76.06583333,3.88866667,66.0,67.0,33.0,,,,,,,,137.0,0.0
53110040,Valle del Cauca,153,-76.54,3.67808333,27.6,35.9,7.800000000000001,10.3,12.9,1.6,25.5,0.0,7.7,,,
26110290,Valle del Cauca,959,-76.09361111,4.53161111,54.0,24.0,69.0,55.0,19.0,,,,6.0,121.0,91.0,20.1
26100740,Valle del Cauca,949,-76.04055556,4.51563889,70.0,43.0,104.0,111.0,66.0,93.0,95.0,37.0,36.0,72.0,164.0,4.0
26100300,Valle del Cauca,986,-75.96583333,4.58861111,50.0,96.0,209.0,184.0,122.0,53.0,86.0,49.0,45.0,99.0,196.0,16.0
26115080,Valle del Cauca,945,-76.07988889,4.48091667,41.6,63.5,124.3,103.89999999999999,73.9,58.3,97.60000000000001,29.5,19.400000000000002,73.2,95.3,3.8999999999999995
26110230,Valle del Cauca,933,-76.10052778,4.41866667,26.6,38.8,60.400000000000006,114.5,88.5,15.7,67.2,38.6,33.5,83.89999999999999,96.7,10.0
26110300,Valle del Cauca,940,-76.03444444,4.61638889,37.0,61.0,95.0,139.0,74.0,48.0,65.0,15.0,32.0,42.0,97.0,4.0
26110160,Valle del Cauca,974,-76.03572222,4.68486111,62.0,124.0,168.0,133.0,45.0,28.0,140.0,55.0,30.0,132.0,52.0,2.0
26100350,Valle del Cauca,1657,-75.99475,4.05436111,48.0,83.0,125.0,5.0,10.0,5.0,45.0,0.0,129.0,96.0,115.0,22.0
54030010,Valle del Cauca,189,-76.20166667,4.57283333,20.0,63.0,156.0,119.0,68.0,40.0,116.0,31.0,78.0,205.0,104.0,36.0
26080290,Valle del Cauca,962,-76.35083333,3.89088889,61.0,54.0,122.0,273.0,18.0,12.0,31.0,3.0,14.0,58.0,99.0,24.0
26120130,Valle del Cauca,1178,-75.91541667,4.40277778,49.0,51.0,214.0,196.0,55.0,70.0,116.0,28.0,37.0,159.0,79.0,30.0
26120180,Valle del Cauca,171,-75.87533333,4.40930556,223.0,49.0,196.0,184.0,23.0,40.0,67.0,26.0,58.0,244.0,186.0,5.0
26100400,Valle del Cauca,17,-76.01877778,4.30686111,59.0,0.0,187.0,197.0,81.0,28.0,61.0,15.0,,,,
34015010,Vichada,171,-70.93011111,4.55394444,117.9,35.2,73.19999999999999,375.5,288.8,583.6,361.9,370.70000000000005,333.90000000000003,227.2,210.10000000000002,155.79999999999998
33060010,Vichada,87,-68.36,4.87,59.0,60.0,35.0,135.0,430.0,427.0,452.0,325.0,202.0,127.0,256.0,48.0
35250010,Vichada,82,-69.42341667,6.09561111,26.0,3.0,44.0,117.0,72.0,478.0,639.0,382.0,284.0,202.0,168.0,65.0
38015030,Vichada,57,-67.49122222,6.18243611,20.000000000000004,5.6,40.4,96.4,237.8,774.7,380.80000000000007,295.40000000000003,74.69999999999999,170.7,145.2,30.9
